date,tech,stop,arrival,window_end,client,job,address,drive_min
2026-10-05,Alias Franks,1,07:00,10:00,"Conover Court",5531,"13330 Northeast 111th Court, Redmond, Washington, 98052",25
2026-10-05,Alias Franks,2,07:18,10:18,"George Tsantilas",8592,"9311 135th Place Northeast, Redmond, Washington, 98052",3
2026-10-05,Alias Franks,3,07:47,10:47,"Marymoor Park - Marymoor Park - 1 year total mole control pa",,"6046 West Lake Sammamish Parkway Northeast, Redmond, Washington, 98052",14
2026-10-05,Alias Franks,4,08:12,11:12,"Babu Uppala",8297,"15439 Northeast 52nd Court, Redmond, Washington, 98052",10
2026-10-05,Alias Franks,5,08:33,11:33,"Tia Gong",8447,"16365 Northeast 31st Court, Bellevue, Washington, 98008",6
2026-10-05,Alias Franks,6,08:55,11:55,"Ganesh Thirumalai",7834,"2426 131st Place Northeast, Bellevue, Washington, 98005",6
2026-10-05,Alias Franks,7,09:14,12:14,"Chris Mckenzie - one Year Mole control",6926,"13225 Northeast 47th Street, Bellevue, Washington, 98005",5
2026-10-05,Alias Franks,8,09:32,12:32,"Bill Hewitt (5th Visit)",8523,"13332 Northeast 55th Place, Bellevue, Washington, 98005",2
2026-10-05,Alias Franks,9,09:50,12:50,"Nancy Krossa",4771,"6126 130th Avenue Northeast, Kirkland, Washington, 98033",3
2026-10-05,Alias Franks,10,10:07,13:07,"Xin Liu",8506,"6123 122nd Avenue Northeast, Kirkland, Washington, 98033",3
2026-10-05,Alias Franks,11,10:24,13:24,"Ramit Malhotra",8572,"5811 116th Avenue Northeast, Kirkland, Washington, 98033",2
2026-10-05,Alias Franks,12,10:47,13:47,"Linda Devitis",8640,"10506 114th Place Northeast, Kirkland, Washington, 98033",7
2026-10-05,Alias Franks,13,11:05,14:05,"Sri Velamoor",8562,"11409 Northeast 91st Street, Kirkland, Washington, 98033",3
2026-10-05,Alias Franks,14,11:25,14:25,"Colleen Rasmussen",8634,"1113 2nd Street, Kirkland, Washington, 98033",5
2026-10-05,Alias Franks,15,11:50,14:50,"Blake Diers",8060,"11837 Holmes Point Drive Northeast, Kirkland, Washington, 98034",10
2026-10-05,Alias Franks,16,12:10,15:10,"Kyle Peterson",5171,"13841 65th Place Northeast, Kirkland, Washington, 98034",5
2026-10-05,Alias Franks,17,12:27,15:27,"Jane Moore",4902,"13667 62nd Avenue Northeast, Kirkland, Washington, 98034",2
2026-10-05,Alias Franks,18,12:48,15:48,"Jackie Owner",7711,"8613 Northeast 141st Street, Kirkland, Washington, 98034",6
2026-10-05,Alias Franks,19,13:14,16:14,"Greg Thoreson",7624,"9308 Northeast 176th Street, Bothell, Washington, 98011",10
2026-10-05,Alias Franks,20,13:40,16:40,"Judy Lee",8573,"2015 228th Place SouthWest, Bothell, Washington, 98021",11
2026-10-05,Cory Ventura,1,15:00,18:00,"Dalveer Josan",7594,"10416 148th Avenue Southeast, Renton, Washington, 98059",43
2026-10-05,Luke LaVergne,1,07:04,10:04,"Elaine Briggs",8434,"9204 Periwinkle Loop Northeast, Lacey, Washington, 98516",39
2026-10-05,Luke LaVergne,2,07:26,10:26,"Caroline Irwin",8457,"5141 Beverly Drive Northeast, Olympia, Washington, 98516",7
2026-10-05,Luke LaVergne,3,07:49,10:49,"Jim Killgore",8615,"4220 Bainbridge Court Northeast, Lacey, Washington, 98516",8
2026-10-05,Luke LaVergne,4,08:10,11:10,"Steve Vernon",8449,"5146 Blacktail Court Northeast, Olympia, Washington, 98516",6
2026-10-05,Luke LaVergne,5,08:36,11:36,"Carl Iverson",7824,"6526 79th Avenue Northeast, Olympia, Washington, 98516",11
2026-10-05,Luke LaVergne,6,09:07,12:07,"Nick Pillon",7809,"1809 36th Avenue Northeast, Olympia, Washington, 98506",16
2026-10-05,Luke LaVergne,7,09:32,12:32,"Ellie Karl",7822,"7941 Zangle Road Northeast, Olympia, Washington, 98506",10
2026-10-05,Luke LaVergne,8,10:06,13:06,"Sandy Pearson",7974,"1410 Hummingbird Lane Northwest, Olympia, Washington, 98502",20
2026-10-05,Luke LaVergne,9,10:29,13:29,"Robin Chase - ANNUAL CUSTOMER",6277,"587 Overhulse Road Northwest, Olympia, Washington, 98502",8
2026-10-05,Luke LaVergne,10,10:47,13:47,"Faith Trimble",7803,"1527 Overhulse Road Northwest, Olympia, Washington, 98502",3
2026-10-05,Luke LaVergne,11,11:10,14:10,"Miles Magnuson - Job for Miles Magnuson",7893,"3030 Aspinwall Road Northwest, Olympia, Washington, 98502",8
2026-10-05,Luke LaVergne,12,11:47,14:47,"James Elliott (5th Visit)",8527,"3236 Gravelly Beach Loop Northwest, Olympia, Washington, 98502",21
2026-10-05,Luke LaVergne,13,12:11,15:11,"Westly Wright",7891,"4916 69th Avenue Northwest, Olympia, Washington, 98502",10
2026-10-05,Luke LaVergne,14,12:44,15:44,"Nicole Calloway",8590,"1319 14th Avenue Southwest, Olympia, Washington, 98502",17
2026-10-05,Luke LaVergne,15,13:16,16:16,"Brad Smallwood",7682,"1420 Josephine Court Southeast, Olympia, Washington, 98503",17
2026-10-05,Luke LaVergne,16,13:44,16:44,"Rebecca Sweetlove",8633,"1324 Hensley Street Northeast, Olympia, Washington, 98516",13
2026-10-05,Luke LaVergne,17,14:07,17:07,"John Mcmanus",8492,"9618 Regency Loop Southeast, Olympia, Washington, 98513",9
2026-10-05,Luke LaVergne,18,14:33,17:33,"Judy Brown",8589,"1400 Heron Court, DuPont, Washington, 98327",11
2026-10-05,Robert Norton,1,07:00,10:00,"Jennifer Cramer - Jennifer Cramer",7697,"24624 156th Avenue Southeast, Kent, Washington, 98042",14
2026-10-05,Robert Norton,2,07:19,10:19,"Larry Kauzlarich",7917,"25324 136th Avenue Southeast, Kent, Washington, 98042",5
2026-10-05,Robert Norton,3,07:36,10:36,"Plemmons Industries",4930,"25454 129th Avenue Southeast, Kent, Washington, 98030",2
2026-10-05,Robert Norton,4,07:57,10:57,"Larry Desmet",6674,"24280 141st Place Southeast, Kent, Washington, 98042",6
2026-10-05,Robert Norton,5,08:23,11:23,"Marta Dickerson",6440,"23507 98th Avenue South, Kent, Washington, 98031",11
2026-10-05,Robert Norton,6,08:42,11:42,"Rita Conger",7736,"1009 Crest Place, Kent, Washington, 98031",4
2026-10-05,Robert Norton,7,08:57,11:57,"Rita Conger",7736,"1009 Crest Place, Kent, Washington, 98031",0
2026-10-05,Robert Norton,8,09:20,12:20,"Prologis - Total Mole Control Quote",8072,"8610 South 212th Street, Kent, Washington, 98032",8
2026-10-05,Robert Norton,9,09:41,12:41,"Amy Collins",8202,"21449 94th Place South, Kent, Washington, 98031",6
2026-10-05,Robert Norton,10,10:01,13:01,"Scott Moser",5324,"10411 Southeast 219th Street, Kent, Washington, 98031",5
2026-10-05,Robert Norton,11,10:20,13:20,"Munene Peter",8650,"11707 Southeast 210th Place, Kent, Washington, 98031",5
2026-10-05,Robert Norton,12,10:42,13:42,"Gourav Saha (5th Visit)",8522,"18708 132nd Place Southeast, Renton, Washington, 98058",6
2026-10-05,Robert Norton,13,11:03,14:03,"Ganesh Thirumalai",5087,"17645 118th Avenue Southeast, Renton, Washington, 98058",6
2026-10-05,Robert Norton,14,11:23,14:23,"Dan Rystrom (SET)",8662,"13313 Southeast Fairwood Boulevard, Renton, Washington, 98058",5
2026-10-05,Robert Norton,15,11:59,14:59,"David Marsh",7971,"14035 Southeast 202nd Street, Kent, Washington, 98042",6
2026-10-05,Robert Norton,16,12:18,15:18,"Bob Roggenbach",8122,"14522 Southeast 213th Street, Kent, Washington, 98042",4
2026-10-05,Robert Norton,17,12:37,15:37,"Jeff Boggs",4711,"15015 SE 224th Street, Covington, WA, 98042",3
2026-10-05,Robert Norton,18,12:56,15:56,"Kelly Kunz",4515,"22849 172nd Avenue Southeast, Kent, Washington, 98042",4
2026-10-05,Robert Norton,19,13:14,16:14,"Jeff Hunter",6900,"22626 177th Avenue Southeast, Kent, Washington, 98042",4
2026-10-05,Robert Norton,20,13:35,16:35,"Jonelle Loranger",7626,"18403 Southeast 224th Street, Kent, Washington, 98042",5
2026-10-05,Robert Norton,21,13:56,16:56,"Brian Meadows",8270,"21004 188th Avenue Southeast, Renton, Washington, 98058",6
2026-10-05,Robert Norton,22,14:17,17:17,"Thomas Carpinito",4701,"20330 Southeast 240th Street, Maple Valley, Washington, 98038",6
2026-10-05,Tavis Alexander,1,07:00,10:00,"City of Burien - Mosier Park",5055,"430 South 156th Street, Burien, Washington, 98148",37
2026-10-05,Tavis Alexander,2,07:19,10:19,"Lauren Kenyon - ANNUAL CUSTOMER",6239,"14227 8th Avenue South, Burien, Washington, 98168",4
2026-10-05,Tavis Alexander,3,07:40,10:40,"Leo Coronado (5th Visit)",8518,"12882 Shorecrest Drive Southwest, Burien, Washington, 98146",6
2026-10-05,Tavis Alexander,4,08:03,11:03,"Amanda Williams",8635,"3019 Southwest 110th Street, Seattle, Washington, 98146",8
2026-10-05,Tavis Alexander,5,08:21,11:21,"Mike Schuppert",8235,"3707 Southwest 107th Street, Seattle, Washington, 98146",3
2026-10-05,Tavis Alexander,6,08:39,11:39,"Kay Neal",7088,"11277 Marine View Drive Southwest, Seattle, Washington, 98146",2
2026-10-05,Tavis Alexander,7,09:01,12:01,"Bob Chatalas",8533,"3911 Southwest Holden Street, Seattle, Washington, 98136",8
2026-10-05,Tavis Alexander,8,09:22,12:22,"Michael Sobieck",8524,"5474 Beach Drive Southwest, Seattle, Washington, 98136",6
2026-10-05,Tavis Alexander,9,09:42,12:42,"Chris Kerr",8648,"6010 49th Avenue Southwest, Seattle, Washington, 98136",5
2026-10-05,Tavis Alexander,10,10:00,13:00,"Mary Greco",8461,"5264 46th Avenue Southwest, Seattle, Washington, 98136",3
2026-10-05,Tavis Alexander,11,10:18,13:18,"Erica Benson",8193,"4746 50th Avenue Southwest, Seattle, Washington, 98116",3
2026-10-05,Tavis Alexander,12,10:38,13:38,"Mary Suhadolnik",8359,"4006 57th Avenue Southwest, Seattle, Washington, 98116",5
2026-10-05,Tavis Alexander,13,11:02,14:02,"Ben Mathes",8607,"1429 Sunset Avenue Southwest, Seattle, Washington, 98116",8
2026-10-05,Tavis Alexander,14,11:22,14:22,"Sam Leonard",8600,"3035 46th Avenue Southwest, Seattle, Washington, 98116",6
2026-10-05,Tavis Alexander,15,11:39,14:39,"James Willis",8623,"3033 48th Avenue Southwest, Seattle, Washington, 98116",2
2026-10-05,Tavis Alexander,16,11:56,14:56,"Ken Lohse",8340,"3213 45th Avenue Southwest, Seattle, Washington, 98116",2
2026-10-05,Tavis Alexander,17,12:15,15:15,"Joseph Trump (5th Visit)",8525,"3306 35th Avenue Southwest, Seattle, Washington, 98126",4
2026-10-05,Tavis Alexander,18,12:43,15:43,"Velena Bryant",7362,"3516 Cheasty Boulevard South, Seattle, Washington, 98144",13
2026-10-05,Tavis Alexander,19,13:10,16:10,"Austin Rainwater",8646,"246 Dorffel Drive East, Seattle, Washington, 98112",12
2026-10-05,Tavis Alexander,20,13:39,16:39,"Chris Higgs",8409,"5042 30th Avenue South, Seattle, Washington, 98108",15
2026-10-05,Tavis Alexander,21,14:00,17:00,"Zach Usher",5298,"2311 South Bateman Street, Seattle, Washington, 98108",6
2026-10-05,Tavis Alexander,22,14:26,17:26,"Aleyna Yamaguchi",8065,"10537 14th Avenue South, Seattle, Washington, 98168",11
2026-10-06,Robert Norton,1,07:00,10:00,"Joann Mortenson",7962,"29206 157th Avenue Southeast, Kent, Washington, 98042",13
2026-10-06,Robert Norton,2,07:18,10:18,"SLPPLLC",6653,"15108 Southeast 288th Street, Kent, Washington, 98042",4
2026-10-06,Robert Norton,3,07:38,10:38,"Michelle Johnson",8627,"15325 Southeast 278th Street, Kent, Washington, 98042",5
2026-10-06,Robert Norton,4,08:01,11:01,"Alexandra Daley",6334,"28705 124th Avenue Southeast, Auburn, Washington, 98092",8
2026-10-06,Robert Norton,5,08:20,11:20,"Gurwinder Sandhu",8579,"29442 118th Avenue Southeast, Auburn, Washington, 98092",4
2026-10-06,Robert Norton,6,08:36,11:36,"Al Chappell",4777,"29312 118th Avenue Southeast, Auburn, Washington, 98092",2
2026-10-06,Robert Norton,7,08:58,11:58,"Mike Laidley",8602,"10914 Southeast 293rd Street, Auburn, Washington, 98092",6
2026-10-06,Robert Norton,8,09:20,12:20,"Cathy Conner",8514,"32104 116th Avenue Southeast, Auburn, Washington, 98092",7
2026-10-06,Robert Norton,9,09:44,12:44,"Bye The Green Condominiums",5025,"3402 I Street Northeast, Auburn, Washington, 98002",10
2026-10-06,Robert Norton,10,10:17,13:17,"Sarabjit Kaur",8509,"32937 134th Court Southeast, Auburn, Washington, 98092",18
2026-10-06,Robert Norton,11,10:41,13:41,"Bob Davies",7857,"32505 162nd Avenue Southeast, Auburn, Washington, 98092",8
2026-10-06,Robert Norton,12,11:01,14:01,"Rich Porter - !!! Annual Customer !!!",4492,"32031 170th Place Southeast, Auburn, Washington, 98092",5
2026-10-06,Robert Norton,13,11:19,14:19,"Dave Mcclung",6400,"32906 181st Avenue Southeast, Auburn, Washington, 98092",4
2026-10-06,Robert Norton,14,11:38,14:38,"Shawna Mobley",8452,"19216 Southeast 328th Place, Kent, Washington, 98042",4
2026-10-06,Robert Norton,15,11:56,14:56,"Matt Coder",6555,"17644 Southeast Lake Moneysmith Road, Auburn, Washington, 98092",3
2026-10-06,Robert Norton,16,12:16,15:16,"Neil Gokey",8023,"33150 202nd Place Southeast, Auburn, Washington, 98092",4
2026-10-06,Robert Norton,17,12:34,15:34,"Chantal Padilla",6083,"33430 210th Avenue Southeast, Auburn, Washington, 98092",3
2026-10-06,Robert Norton,18,12:56,15:56,"SLPPLLC",5511,"21323 Southeast 351st Street, Auburn, Washington, 98092",7
2026-10-06,Robert Norton,19,13:16,16:16,"Sue Pennock",8571,"33448 220th Place Southeast, Auburn, Washington, 98092",5
2026-10-06,Robert Norton,20,13:35,16:35,"Sheryl Toland",8507,"22412 Southeast 323rd Street, Kent, Washington, 98042",3
2026-10-06,Robert Norton,21,13:58,16:58,"Theo Vervilles",7444,"25202 Kanasket Drive, Black Diamond, Washington, 98010",8
2026-10-06,Robert Norton,22,14:23,17:23,"Paul Hwang",7365,"31742 222nd Court Southeast, Black Diamond, Washington, 98010",10
2026-10-06,Robert Norton,23,14:41,17:41,"Cheryl Davis",7489,"22113 Southeast Sawyer Ridge, Black Diamond, Washington, 98010",3
2026-10-06,Robert Norton,24,14:59,17:59,"Gary Smart",7494,"22105 Southeast Sawyer Ridge, Black Diamond, Washington, 98010",2
2026-10-06,Robert Norton,25,15:17,18:17,"Sandy Foster",4707,"22207 Southeast 304th Street, Black Diamond, Washington, 98010",3
2026-10-06,Robert Norton,26,15:36,18:36,"John & Jasmine Foth",8291,"21405 Southeast 292nd Place, Kent, Washington, 98042",5
2026-10-06,Robert Norton,27,15:57,18:57,"Darren McAllen",7970,"29121 236th Avenue Southeast, Black Diamond, Washington, 98010",5
2026-10-06,Robert Norton,28,16:21,19:21,"Dennis Higashiyama",7684,"21621 Southeast 259th Street, Maple Valley, Washington, 98038",9
2026-10-06,Robert Norton,29,16:36,19:36,"Mark Fisher",7685,"21703 Southeast 259th Street, Maple Valley, Washington, 98038",1
2026-10-06,Tavis Alexander,1,07:02,10:02,"Janelle Stewart",8566,"4600 Forest Avenue Southeast, Mercer Island, Washington, 98040",48
2026-10-06,Tavis Alexander,2,07:24,10:24,"Patrick Tanner",6303,"6855 West Mercer Way, Mercer Island, Washington, 98040",7
2026-10-06,Tavis Alexander,3,07:46,10:46,"Liz Silke",8551,"8290 Southeast 82nd Street, Mercer Island, Washington, 98040",6
2026-10-06,Tavis Alexander,4,08:02,11:02,"Roberto Dondisch",8505,"8230 84th Avenue Southeast, Mercer Island, Washington, 98040",2
2026-10-06,Tavis Alexander,5,08:17,11:17,"Roberto Dondisch",8652,"8230 84th Avenue Southeast, Mercer Island, Washington, 98040",0
2026-10-06,Tavis Alexander,6,08:47,11:47,"Terry Wirth",8488,"3109 109th Avenue Southeast, Bellevue, Washington, 98004",15
2026-10-06,Tavis Alexander,7,09:05,12:05,"Noel Murphy",6116,"11041 Southeast 26th Street, Bellevue, Washington, 98004",2
2026-10-06,Tavis Alexander,8,09:30,12:30,"Tia Avril",8569,"2034 94th Avenue Northeast, Clyde Hill, Washington, 98004",11
2026-10-06,Tavis Alexander,9,09:49,12:49,"Nik bhogal",8638,"9620 Northeast 25th Street, Clyde Hill, Washington, 98004",3
2026-10-06,Tavis Alexander,10,10:07,13:07,"Yara Chen",8605,"9812 Northeast 31st Street, Bellevue, Washington, 98004",3
2026-10-06,Tavis Alexander,11,10:25,13:25,"Louise Gordon",8639,"9001 Points Drive Northeast, Clyde Hill, Washington, 98004",4
2026-10-06,Tavis Alexander,12,10:44,13:44,"Stella Sun",8649,"2203 79th Avenue Northeast, Medina, Washington, 98039",4
2026-10-06,Tavis Alexander,13,11:04,14:04,"Wendy Perkins (5th Visit)",8536,"3436 Evergreen Point Road, Medina, Washington, 98039",5
2026-10-06,Tavis Alexander,14,11:23,14:23,"Emma Liu (5th Visit)",8537,"1444 Evergreen Point Road, Medina, Washington, 98039",4
2026-10-06,Tavis Alexander,15,11:43,14:43,"Steve Burns",8613,"7831 Northeast 10th Street, Medina, Washington, 98039",4
2026-10-06,Tavis Alexander,16,12:01,15:01,"Suma Prasad",8584,"7640 Northeast 8th Street, Medina, Washington, 98039",3
2026-10-06,Tavis Alexander,17,12:19,15:19,"Rosemarie Havranek",6545,"7939 Overlake Drive West, Medina, Washington, 98039",4
2026-10-06,Tavis Alexander,18,12:46,15:46,"GC Bellefield, LLC.",7744,"1450 114th Avenue Southeast, suite 205, Bellevue, Washington, 98004",11
2026-10-06,Tavis Alexander,19,13:07,16:07,"Eric Dworkis - one year mole control",7183,"714 145th Avenue Southeast, Bellevue, Washington, 98007",7
2026-10-06,Tavis Alexander,20,13:32,16:32,"Dennis Mccreery",7267,"905 178th Avenue Northeast, Bellevue, Washington, 98008",9
2026-10-06,Tavis Alexander,21,13:56,16:56,"Donna Jensen",8169,"3824 165th Place Southeast, Bellevue, Washington, 98008",9
2026-10-06,Tavis Alexander,22,14:20,17:20,"Danielle Steele",7960,"14571 Southeast 51st Street, Bellevue, Washington, 98006",9
2026-10-06,Tavis Alexander,23,14:46,17:46,"Max Ye",8113,"6670 170th Place Southeast, Bellevue, Washington, 98006",11
2026-10-06,Tavis Alexander,24,15:04,18:04,"Paul Klansnic",5411,"17107 Southeast Cougar Mountain Drive, Bellevue, Washington, 98006",3
2026-10-06,Tavis Alexander,25,15:26,18:26,"Don Severide",5940,"17137 Southeast 47th Place, Bellevue, Washington, 98006",7
2026-10-06,Alias Franks,1,07:09,10:09,"Nate Ceres",8473,"2405 Northeast 133rd Street, Seattle, Washington, 98125",34
2026-10-06,Alias Franks,2,07:27,10:27,"Richard Driscoll",7939,"2327 Northeast 127th Street, Seattle, Washington, 98125",3
2026-10-06,Alias Franks,3,07:49,10:49,"Joshua Chao",8238,"11020 39th Avenue Northeast, Seattle, Washington, 98125",8
2026-10-06,Alias Franks,4,08:08,11:08,"Spencer Jacobs",8462,"3516 North East 105th Street, Seattle, WA, 98125",3
2026-10-06,Alias Franks,5,08:26,11:26,"Joseph Rollins (Problem Job)",8482,"2315 Northeast 92nd Street, Seattle, Washington, 98115",3
2026-10-06,Alias Franks,6,08:45,11:45,"Tad Hutchison",8557,"8604 38th Avenue Northeast, Seattle, Washington, 98115",4
2026-10-06,Alias Franks,7,09:06,12:06,"Michael Glover",8570,"6914 56th Ave NE, Seattle, Wa, 98115",6
2026-10-06,Alias Franks,8,09:23,12:23,"Vikrant Jain",6420,"7302 58th Avenue Northeast, Seattle, Washington, 98115",2
2026-10-06,Alias Franks,9,09:45,12:45,"Irene VandenBrink",7424,"5002 35th Avenue Northeast, Seattle, Washington, 98105",7
2026-10-06,Alias Franks,10,10:17,13:17,"Erik Severson",8421,"2560 10th Avenue West, Seattle, Washington, 98119",17
2026-10-06,Alias Franks,11,10:42,13:42,"Larry Soriano (SET)",8663,"3200 Magnolia Boulevard West, Seattle, Washington, 98199",10
2026-10-06,Alias Franks,12,11:13,14:13,"John Obrien",8558,"3515 magnolia blvd, Seattle, Washington, 98199",1
2026-10-06,Alias Franks,13,11:31,14:31,"Saber Mirzaei",8574,"2837 39th Avenue West, Seattle, Washington, 98199",3
2026-10-06,Alias Franks,14,12:01,15:01,"Michael Jones",7885,"8800 26th Avenue Northwest, Seattle, Washington, 98117",15
2026-10-06,Alias Franks,15,12:24,15:24,"Mary Jeffers (5th Visit)",8534,"10527 11th Avenue Northwest, Seattle, Washington, 98177",8
2026-10-06,Alias Franks,16,12:51,15:51,"Dan Dawkins (5th VISIT)",8535,"13735 Wayne Place North, Seattle, Washington, 98133",11
2026-10-06,Alias Franks,17,13:11,16:11,"Jared Schapiro",8564,"17805 Wayne Avenue North, Shoreline, WA, 98133",5
2026-10-06,Alias Franks,18,13:33,16:33,"John Mcinerny",8598,"17240 13th Avenue Northwest, Shoreline, Washington, 98177",8
2026-10-06,Alias Franks,19,13:50,16:50,"Brian Hunt",8287,"17245 14th Avenue Northwest, Shoreline, WA, 98177",2
2026-10-06,Alias Franks,20,14:11,17:11,"Mike Marinella",8388,"745 North 195th Street, Shoreline, Washington, 98133",6
2026-10-06,Cory Ventura,1,07:00,10:00,"Adam Kimball - One year Mole Control",6784,"10626 270th Street East, Graham, Washington, 98338",25
2026-10-06,Cory Ventura,2,07:19,10:19,"Gerryann Jurva",8067,"30212 91st Avenue East, Graham, Washington, 98338",7
2026-10-06,Cory Ventura,3,07:39,10:39,"Marnee Humphrey",7740,"11103 216th Street East, Graham, Washington, 98338",8
2026-10-06,Cory Ventura,4,07:55,10:55,"Jake Fox (5th Visit)",8526,"8903 222nd Street Court East, Graham, Washington, 98338",4
2026-10-06,Cory Ventura,5,08:15,11:15,"Thomas Spring Estates",4425,"8804 199th St E, Spanaway, Wa, 98387",8
2026-10-06,Cory Ventura,6,08:35,11:35,"Julie Woods",8431,"16202 76th Avenue Court East, Puyallup, Washington, 98375",8
2026-10-06,Cory Ventura,7,08:51,11:51,"Brienna Dyberg",5024,"16603 71 Avenue East, Puyallup, Washington, 98375",4
2026-10-06,Cory Ventura,8,09:05,12:05,"Patty Ring",8560,"6810 162nd Street Court East, Puyallup, Washington, 98375",2
2026-10-06,Cory Ventura,9,09:20,12:20,"Shane Taylor",8133,"15206 58 Avenue East, Puyallup, Washington, 98375",3
2026-10-06,Cory Ventura,10,09:41,12:41,"Hui Evans",8529,"215 183 Street Court East, Spanaway, Washington, 98387",8
2026-10-06,Cory Ventura,11,09:59,12:59,"Mark Baughman",8083,"14506 6th Avenue East, Tacoma, Washington, 98445",7
2026-10-06,Cory Ventura,12,10:12,13:12,"Pauline Kabue",8082,"14510 6th Avenue East, Tacoma, Washington, 98445",1
2026-10-06,Cory Ventura,13,10:29,13:29,"Barbara Wood",6338,"1615 Brookdale Road East, Tacoma, Washington, 98445",5
2026-10-06,Cory Ventura,14,10:47,13:47,"Jason Andrews",7839,"13223 Bingham Avenue East, Tacoma, Washington, 98446",6
2026-10-06,Cory Ventura,15,11:03,14:03,"Kristi Rice",4608,"6020 128th Street East, Puyallup, Washington, 98373",4
2026-10-06,Cory Ventura,16,11:17,14:17,"Chad Peterson",7723,"13219 62nd Ave E, Puyallup, WA, 98363",2
2026-10-06,Cory Ventura,17,11:33,14:33,"Michallea Schuelke",7764,"13202 85th Avenue East, Puyallup, Washington, 98373",4
2026-10-06,Cory Ventura,18,11:47,14:47,"Amy Crenshaw-Burns",8619,"8806 123rd Street East, Puyallup, Washington, 98373",2
2026-10-06,Cory Ventura,19,12:03,15:03,"Chris Gregg",8610,"10622 125th Street East, Puyallup, Washington, 98374",4
2026-10-06,Cory Ventura,20,12:20,15:20,"Johnny Evans",8375,"14020 112th Avenue Court East, Puyallup, Washington, 98374",4
2026-10-06,Cory Ventura,21,12:39,15:39,"Jim McGowan - Job for Jim McGowan",5597,"15207 106th Street East, Puyallup, Washington, 98374",7
2026-10-06,Cory Ventura,22,12:55,15:55,"Kevin Milliren",8593,"14007 136th Street Court East, Orting, Washington, 98360",4
2026-10-06,Cory Ventura,23,13:10,16:10,"Jim Vaughn",7853,"14017 145th Avenue East, Orting, Washington, 98360",3
2026-10-06,Cory Ventura,24,13:33,16:33,"Vince Preece",7496,"14811 172nd Street East, Orting, Washington, 98360",11
2026-10-06,Luke LaVergne,1,07:07,10:07,"Robert Davis",7996,"1546 Reservation Road Southeast, unit 116, Olympia, Washington, 98513",43
2026-10-06,Luke LaVergne,2,07:31,10:31,"Ron Bramlett",7804,"1546 Reservation Road Southeast, unit 123, Olympia, Washington, 98513",8
2026-10-06,Luke LaVergne,3,07:56,10:56,"David Preston",8210,"8004 Mountain Aire Court Southeast, Olympia, Washington, 98503",10
2026-10-06,Luke LaVergne,4,08:15,11:15,"Stephen Douglas",8232,"2239 Ava Street Southeast, Lacey, Washington, 98513",4
2026-10-06,Luke LaVergne,5,08:35,11:35,"Nancy Collinsworth",8332,"3819 Eagledale Court Southeast, Lacey, Washington, 98513",5
2026-10-06,Luke LaVergne,6,09:00,12:00,"Brian Muirhead",5015,"6527 Alternate Lane Southeast, Olympia, Washington, 98513",10
2026-10-06,Luke LaVergne,7,09:22,12:22,"Bill Henshaw",8412,"6843 75th Avenue Southeast, Olympia, Washington, 98513",7
2026-10-06,Luke LaVergne,8,09:49,12:49,"Ann Sargent",7832,"7640 Redstart Drive Southeast, Olympia, Washington, 98513",12
2026-10-06,Luke LaVergne,9,10:23,13:23,"Julie Penrod",8620,"5940 Offut Lake Road Southeast, Tenino, Washington, 98589",19
2026-10-06,Luke LaVergne,10,11:03,14:03,"Lisa Miles - ANNUAL CUSTOMER",6246,"14234 123rd Avenue Southeast, Yelm, Washington, 98597",25
2026-10-06,Luke LaVergne,11,11:25,14:25,"Joey Russo",7829,"12034 Maxvale Hill Court Southeast, Yelm, Washington, 98597",7
2026-10-06,Luke LaVergne,12,11:52,14:52,"Michelle Savigny",8647,"15025 148th Avenue Southeast, Yelm, Washington, 98597",12
2026-10-06,Luke LaVergne,13,12:31,15:31,"Sam Williams",7728,"22436 Clearview Court Southeast, Yelm, Washington, 98597",24
2026-10-06,Luke LaVergne,14,13:16,16:16,"Noe Cerda",4674,"29005 Washington 507 S, Roy, Washington, 98580",31
2026-10-06,Luke LaVergne,15,13:52,16:52,"JT Wilcox",8622,"40207 32nd Avenue South, Roy, Washington, 98580",21
2026-10-06,Luke LaVergne,16,14:26,17:26,"Dennis Gentele",8659,"1525 347th Street Court East, Roy, Washington, 98580",19
2026-10-06,Luke LaVergne,17,14:54,17:54,"Mitchell Gasser",8587,"31619 26th Avenue East, Graham, Washington, 98338",13
2026-10-07,Alias Franks,1,07:00,10:00,"Tyler Guion",8624,"8307 157th Avenue Southeast, Snohomish, Washington, 98290",13
2026-10-07,Alias Franks,2,07:37,10:37,"Jessica Angel",8406,"14020 228th Street Southeast, Snohomish, Washington, 98296",23
2026-10-07,Alias Franks,3,08:09,11:09,"Dave Parker",8042,"17927 Northeast 196th Street, Woodinville, Washington, 98077",17
2026-10-07,Alias Franks,4,08:36,11:36,"Gwen Morton",6270,"19417 233rd Ave NE, Woodinville, Wa, 98077",12
2026-10-07,Alias Franks,5,08:58,11:58,"Linda Lowe",7434,"19407 229th Avenue Northeast, Woodinville, Washington, 98077",7
2026-10-07,Alias Franks,6,09:22,12:22,"David Johal",8472,"21825 Northeast 164th Street, Woodinville, Washington, 98077",9
2026-10-07,Alias Franks,7,09:41,12:41,"Pia Graves",8246,"21227 Northeast 154th Street, Woodinville, Washington, 98077",3
2026-10-07,Alias Franks,8,09:58,12:58,"Marius Ungureanu",7776,"15207 216th Avenue Northeast, Woodinville, Washington, 98077",2
2026-10-07,Alias Franks,9,10:18,13:18,"Steve Murdock",8194,"13755 220th Place Northeast, Woodinville, Washington, 98077",6
2026-10-07,Alias Franks,10,10:42,13:42,"Akanksha Singh",6329,"11030 220th Place Northeast, Redmond, Washington, 98053",9
2026-10-07,Alias Franks,11,11:07,14:07,"Jonathan Kim-Hull",6607,"13611 Bear Creek Road Northeast, Woodinville, Washington, 98077",10
2026-10-07,Alias Franks,12,11:26,14:26,"Aziz El-solh",8217,"14327 189th Way Northeast, Woodinville, Washington, 98072",4
2026-10-07,Alias Franks,13,11:51,14:51,"Lisa Shaughnessy",7504,"16012 154th Avenue Northeast, Woodinville, Washington, 98072",10
2026-10-07,Alias Franks,14,12:17,15:17,"Marla Poor",7639,"24125 85th Avenue Southeast, Woodinville, Washington, 98072",11
2026-10-07,Alias Franks,15,12:40,15:40,"Michelle Rasmussen - One year Mole control",6849,"18920 164th Avenue Northeast, Woodinville, Washington, 98072",8
2026-10-07,Alias Franks,16,12:57,15:57,"David Alexander",8285,"19260 162nd Avenue Northeast, Woodinville, Washington, 98072",3
2026-10-07,Alias Franks,17,13:27,16:27,"Aditya Singh",8541,"17904 83rd Avenue Southeast, Snohomish, Washington, 98296",14
2026-10-07,Alias Franks,18,13:52,16:52,"Brian Sasville",8563,"18811 19th Drive Southeast, Bothell, Washington, 98012",10
2026-10-07,Alias Franks,19,14:19,17:19,"Steve Mcdonough",8657,"5022 134th Place Southeast, Snohomish, Washington, 98296",12
2026-10-07,Alias Franks,20,14:39,17:39,"David Peterson",8092,"13114 67th Avenue Southeast, Snohomish, Washington, 98296",4
2026-10-07,Cory Ventura,1,07:00,10:00,"Pat Birkeland",5329,"46504 276th Avenue Southeast, Enumclaw, Washington, 98022",14
2026-10-07,Cory Ventura,2,07:13,10:13,"Dave Belmont",5328,"27920 Se 464th St., Enumclaw, WA, 98022",2
2026-10-07,Cory Ventura,3,07:28,10:28,"Nancy Price",5432,"27985 Southeast 456th Street, Enumclaw, Washington, 98022",2
2026-10-07,Cory Ventura,4,07:42,10:42,"Gina Shields",8538,"28426 Southeast 440th Street, Enumclaw, Washington, 98022",2
2026-10-07,Cory Ventura,5,07:56,10:56,"David Ballestrasse",4821,"27930 Southeast 432nd Street, Enumclaw, Washington, 98022",2
2026-10-07,Cory Ventura,6,08:09,11:09,"Shawn Tobius",8618,"3336 Cole Street, Enumclaw, Washington, 98022",2
2026-10-07,Cory Ventura,7,08:25,11:25,"Elaine Rustvold (5th visit)",8532,"2976 McHugh Avenue, Enumclaw, Washington, 98022",3
2026-10-07,Cory Ventura,8,08:42,11:42,"Maggie Pierotti",5330,"27205 Southeast 416th Street, Enumclaw, Washington, 98022",5
2026-10-07,Cory Ventura,9,08:55,11:55,"Keith Mathews",8428,"27923 Southeast 416th Street, Enumclaw, Washington, 98022",1
2026-10-07,Cory Ventura,10,09:13,12:13,"Tyler Smythe",7704,"38900 310th Avenue Southeast, Enumclaw, Washington, 98022",7
2026-10-07,Cory Ventura,11,09:28,12:28,"Brenton Unger",7765,"39008 307th Avenue Southeast, Enumclaw, Washington, 98022",2
2026-10-07,Cory Ventura,12,09:52,12:52,"Russ Crawford",8658,"37418 West Lake Walker Drive Southeast, Enumclaw, Washington, 98022",12
2026-10-07,Cory Ventura,13,10:15,13:15,"Jeff Hudson",5713,"27507 Southeast 392nd Street, Enumclaw, Washington, 98022",11
2026-10-07,Cory Ventura,14,10:31,13:31,"Holly Quionez",8269,"38410 Enumclaw Franklin Road Southeast, Enumclaw, Washington, 98022",4
2026-10-07,Cory Ventura,15,10:48,13:48,"Nichole Avila",5503,"24831 Southeast Green Valley Road, Auburn, Washington, 98092",5
2026-10-07,Cory Ventura,16,11:09,14:09,"Mike Malgarini",8251,"25519 Southeast 392nd Street, Enumclaw, Washington, 98022",9
2026-10-07,Cory Ventura,17,11:27,14:27,"Blaine Wright",5818,"23618 Southeast 380th Street, Enumclaw, Washington, 98022",6
2026-10-07,Cory Ventura,18,11:41,14:41,"Dan Flood",7757,"39119 232nd Avenue Southeast, Enumclaw, Washington, 98022",3
2026-10-07,Cory Ventura,19,11:55,14:55,"Mark Dumler",7482,"39005 232nd Avenue Southeast, Enumclaw, Washington, 98022",1
2026-10-07,Cory Ventura,20,12:12,15:12,"Kathy Lewis",5260,"38921 212th Avenue Southeast, Enumclaw, Washington, 98022",5
2026-10-07,Cory Ventura,21,12:30,15:30,"Steve Hewitt",5440,"37632 176th se, Auburn, Wa, 98092",7
2026-10-07,Cory Ventura,22,12:48,15:48,"Diana Silva",6418,"15706 Southeast 376th Street, Auburn, Washington, 98092",6
2026-10-07,Cory Ventura,23,13:09,16:09,"Charles Bender",4479,"41716 207th Avenue Southeast, Enumclaw, Washington, 98022",9
2026-10-07,Cory Ventura,24,13:23,16:23,"Scott Barker",6162,"41604 218th Avenue Southeast, Enumclaw, Washington, 98022",2
2026-10-07,Cory Ventura,25,13:42,16:42,"Kathy Wilson",5035,"44402 216th Avenue Southeast, Enumclaw, Washington, 98022",8
2026-10-07,Cory Ventura,26,14:02,17:02,"Daniel Issacs",6449,"23102 Southeast 448th Street, Enumclaw, Washington, 98022",7
2026-10-07,Cory Ventura,27,14:19,17:19,"Michelle Pavlovich",7818,"2911 Highpoint Street, Enumclaw, Washington, 98022",5
2026-10-07,Cory Ventura,28,14:32,17:32,"Jean Hamilton",7806,"43415 248th Avenue Southeast, Enumclaw, Washington, 98022",1
2026-10-07,Cory Ventura,29,14:49,17:49,"Jon Buss",8653,"23817 SE 468th st, Enumclaw, Wa, 98022",5
2026-10-07,Cory Ventura,30,15:10,18:10,"Candy Ford",8630,"209 E Hwy 162, South prairie, Wa, 98385",9
2026-10-07,Cory Ventura,31,15:32,18:32,"Laura Tallmadge",7858,"21820 167th Street Court East, Orting, Washington, 98360",10
2026-10-07,Cory Ventura,32,15:53,18:53,"Tommy Marshall - 1 Year Mole Control Service",7637,"14704 228th Avenue Court East, Orting, Washington, 98360",9
2026-10-07,Cory Ventura,33,16:15,19:15,"Della Crossley",7570,"13618 266th Ave Ct E, Buckley, WA, 98321",10
2026-10-07,Cory Ventura,34,16:33,19:33,"Josh Duschel",7677,"16311 A P Tubbs Road, Buckley, Washington, 98321",6
2026-10-07,Cory Ventura,35,16:53,19:53,"Nicholas Mayer",7673,"15110 261st Avenue East, Buckley, Washington, 98321",8
2026-10-07,Luke LaVergne,1,07:00,10:00,"Mike Rhodes",8391,"5602 High Acres Drive Northwest, Gig Harbor, Washington, 98332",35
2026-10-07,Luke LaVergne,2,07:21,10:21,"Aaron Rutledge",8548,"4824 Old Stump Drive Northwest, Gig Harbor, Washington, 98332",7
2026-10-07,Luke LaVergne,3,08:00,11:00,"Daniel Gagen",8565,"13616 Thomas Road Northwest, Gig Harbor, WA, 98329",24
2026-10-07,Luke LaVergne,4,08:46,11:46,"Carolyn Carl (5th Visit)",8517,"5222 Mahncke Road Southwest, Longbranch, Washington, 98351",31
2026-10-07,Luke LaVergne,5,09:46,12:46,"Mike Ruff",8612,"1170 Southwest Wildwood Road, Port Orchard, Washington, 98367",44
2026-10-07,Luke LaVergne,6,10:33,13:33,"Carol Miller",8608,"1013 Northeast Coco Court, Bremerton, Washington, 98311",33
2026-10-07,Luke LaVergne,7,11:20,14:20,"Scott Kelly (SET)",8661,"7991 Ebbert Drive Southeast, Port Orchard, Washington, 98367",32
2026-10-07,Luke LaVergne,8,12:04,15:04,"Alex Alexeev",7560,"15760 Peacock Hill Road Southeast, Olalla, Washington, 98359",13
2026-10-07,Luke LaVergne,9,12:33,15:33,"Stratton Felker",7902,"1414 115th Street Court Northwest, Gig Harbor, Washington, 98332",15
2026-10-07,Luke LaVergne,10,12:56,15:56,"Ashley Daniel",8487,"9820 Harborview Place, Gig Harbor, Washington, 98332",7
2026-10-07,Luke LaVergne,11,13:12,16:12,"Debra Enneking",8111,"9806 Harborview Place, Gig Harbor, Washington, 98332",1
2026-10-07,Luke LaVergne,12,13:38,16:38,"Robert Sibley",8575,"6006 63rd Street Court Northwest, Gig Harbor, Washington, 98335",12
2026-10-07,Luke LaVergne,13,14:14,17:14,"Mary Cooper",7696,"1108 Queets Drive, Fox Island, Washington, 98333",21
2026-10-07,Luke LaVergne,14,14:44,17:44,"Scott Campbell",8606,"7012 42nd Street Northwest, Gig Harbor, Washington, 98335",15
2026-10-07,Robert Norton,1,07:04,10:04,"David Sprague",7820,"251 4th Avenue Southwest, Pacific, Washington, 98047",24
2026-10-07,Robert Norton,2,07:32,10:32,"Craig Koester",7476,"34420 9th Avenue South, Federal Way, Washington, 98003",13
2026-10-07,Robert Norton,3,07:53,10:53,"Dean Shull",8656,"33402 4th Court Southwest, Federal Way, Washington, 98023",6
2026-10-07,Robert Norton,4,08:12,11:12,"Kevin Voelker",8576,"514 Southwest 326th Street, Federal Way, Washington, 98023",4
2026-10-07,Robert Norton,5,08:33,11:33,"Madera West Condos",8056,"31500 33rd Place Southwest, Federal Way, Washington, 98023",6
2026-10-07,Robert Norton,6,08:55,11:55,"Sophia Chang",7872,"32640 49th Place Southwest, Federal Way, Washington, 98023",7
2026-10-07,Robert Norton,7,09:18,12:18,"Barbara Kupietz",8596,"5811 Frances Avenue Northeast, Tacoma, Washington, 98422",8
2026-10-07,Robert Norton,8,09:34,12:34,"Jason Kjellesvik - Total Mole Control Program",8489,"1518 52nd Street Northeast, Tacoma, Washington, 98422",2
2026-10-07,Robert Norton,9,09:54,12:54,"Lynn Clapp",7247,"3929 Blossom Drive Northeast, Tacoma, Washington, 98422",4
2026-10-07,Robert Norton,10,10:12,13:12,"Theresa Hall",6649,"3326 43rd Place Northeast, Tacoma, Washington, 98422",3
2026-10-07,Robert Norton,11,10:38,13:38,"Dorthya Dunford",8568,"36203 22nd Place South, Federal Way, Washington, 98003",11
2026-10-07,Robert Norton,12,10:57,13:57,"Jared Haines",6382,"35024 37th Avenue South, Auburn, Washington, 98001",4
2026-10-07,Robert Norton,13,11:17,14:17,"HyperGreen Landscaping",7548,"5605 South 362nd Place, Auburn, Washington, 98001",5
2026-10-07,Robert Norton,14,11:35,14:35,"Beverly Worthen",8395,"37514 34th Avenue South, Auburn, Washington, 98001",3
2026-10-07,Robert Norton,15,11:57,14:57,"Isabella Kestner",8626,"10510 33rd Street East, Edgewood, Washington, 98372",6
2026-10-07,Robert Norton,16,12:14,15:14,"Chris Doll",5369,"3021 110th Avenue East, Edgewood, Washington, 98372",2
2026-10-07,Robert Norton,17,12:33,15:33,"Jan Stanfield",5438,"3822 116th Avenue Court East, Edgewood, Washington, 98372",4
2026-10-07,Robert Norton,18,12:52,15:52,"Tim Wickland",8218,"12411 27th Street East, Edgewood, Washington, 98372",4
2026-10-07,Robert Norton,19,13:17,16:17,"Daniel Hoffman",4941,"6519 119th Avenue East, Puyallup, Washington, 98372",10
2026-10-07,Robert Norton,20,13:39,16:39,"Carrie Williamson",4549,"1001 Shaw Road East, Puyallup, Washington, 98372",8
2026-10-07,Robert Norton,21,13:58,16:58,"Amanda Willard",4480,"14110 80th Street East, Puyallup, Washington, 98372",4
2026-10-07,Robert Norton,22,14:18,17:18,"Susy Bevans",5780,"1917 9th Avenue Southeast, Puyallup, Washington, 98372",5
2026-10-07,Robert Norton,23,14:40,17:40,"Ron Krebbs",4741,"11317 Valley Ave. E, Puyallup, Washington, 98372",7
2026-10-07,Robert Norton,24,14:57,17:57,"Rachel Brouhard",5672,"10808 Valley Avenue East, Puyallup, Washington, 98372",2
2026-10-07,Robert Norton,25,15:17,18:17,"Prologis - Sumner Landing - RIVER FRONT INDUSTRIAL PARK",7,"1601 Industrial Parkway, Puyallup, Washington, 98371",5
2026-10-07,Robert Norton,26,15:39,18:39,"Washington Premier Soccer Club",5178,"5702 44th STREET E, Puyallup, Washington, 98371",8
2026-10-07,Robert Norton,27,15:59,18:59,"Tim Lubic",7941,"6619 Stewart Avenue East, Puyallup, Washington, 98371",4
2026-10-07,Robert Norton,28,16:19,19:19,"Cruz Rodriguez",8654,"4512 70th Avenue East, Fife, Washington, 98424",6
2026-10-07,Tavis Alexander,1,07:00,10:00,"Kyle MacVicar",8642,"151 Monterey Drive Northeast, Renton, Washington, 98056",33
2026-10-07,Tavis Alexander,2,07:20,10:20,"City of Renton - Clayton Scott Field - Clayton Scott Field ·",,"243 West Perimeter Road, Renton, Washington, 98057",5
2026-10-07,Tavis Alexander,3,07:42,10:42,"Chad Vetter",8289,"11446 71st Place South, Seattle, Washington, 98178",7
2026-10-07,Tavis Alexander,4,08:00,11:00,"Larry McGowan",7459,"6820 South 120th Place, Seattle, Washington, 98178",3
2026-10-07,Tavis Alexander,5,08:23,11:23,"John Siebenbaum",5700,"3928 South 113th Street, Tukwila, Washington, 98168",8
2026-10-07,Tavis Alexander,6,08:43,11:43,"Charles Strauss",7751,"13017 41st Avenue South, Tukwila, Washington, 98168",5
2026-10-07,Tavis Alexander,7,09:02,12:02,"Briana Watson",8030,"2654 South 135th Street, SeaTac, Washington, 98168",4
2026-10-07,Tavis Alexander,8,09:22,12:22,"Faisal Mahmood",8645,"13201 8th Avenue South, Burien, Washington, 98168",4
2026-10-07,Tavis Alexander,9,09:43,12:43,"Travis Bruce",8372,"809 South Sullivan Street, Seattle, Washington, 98108",6
2026-10-07,Tavis Alexander,10,10:07,13:07,"Scott Hamilton",7608,"10421 26th Avenue Southwest, Seattle, Washington, 98146",9
2026-10-07,Tavis Alexander,11,10:27,13:27,"Jennifer Pere",8345,"10202 44th Avenue Southwest, Seattle, Washington, 98146",4
2026-10-07,Tavis Alexander,12,10:49,13:49,"Colleen Hunter",8112,"12048 Standring Court Southwest, Burien, Washington, 98146",7
2026-10-07,Tavis Alexander,13,11:07,14:07,"Erik Guttridge",8361,"1611 Southwest 131st Street, Burien, Washington, 98146",4
2026-10-07,Tavis Alexander,14,11:32,14:32,"Karen Kawamoto",8632,"2618 Southwest 170th Street, Burien, Washington, 98166",9
2026-10-07,Tavis Alexander,15,11:53,14:53,"Chris Bartlett",7317,"17416 12th Place Southwest, Normandy Park, Washington, 98166",7
2026-10-07,Tavis Alexander,16,12:13,15:13,"Taegan Kicinski",8636,"18326 Occidental Avenue South, Burien, Washington, 98148",4
2026-10-07,Tavis Alexander,17,12:32,15:32,"Hannah Jacobson",7475,"660 Southwest 199th Place, Normandy Park, Washington, 98166",5
2026-10-07,Tavis Alexander,18,12:57,15:57,"Douglas Kelly",8305,"23017 21st Avenue South, Des Moines, Washington, 98198",10
2026-10-07,Tavis Alexander,19,13:19,16:19,"Bac Walker",8155,"25626 Lake Fenwick Road, Kent, Washington, 98032",7
2026-10-07,Tavis Alexander,20,13:38,16:38,"Balbir Houthi",7517,"27538 46th Avenue South, Auburn, Washington, 98001",4
2026-10-07,Tavis Alexander,21,14:00,17:00,"Deidre Moore",8586,"2505 South 299th Street, Federal Way, Washington, 98003",7
2026-10-07,Tavis Alexander,22,14:21,17:21,"Scott Fritschle",7713,"33704 Military Road South, Auburn, Washington, 98001",6
2026-10-07,Tavis Alexander,23,14:43,17:43,"Jennifer Nguyen",8616,"5682 South 328th Place, Auburn, Washington, 98001",7
2026-10-07,Tavis Alexander,24,15:05,18:05,"Diane Lucas",8637,"510 Hi Crest Drive, Auburn, Washington, 98001",7
2026-10-07,Tavis Alexander,25,15:35,18:35,"Pao Lor",7623,"3501 Auburn Way South, unit 49, Auburn, Washington, 98092",15
2026-10-08,Alias Franks,1,07:00,10:00,"Mike Leese",8577,"21231 Rimrock Road, Monroe, Washington, 98272",24
2026-10-08,Alias Franks,2,07:28,10:28,"Kallin Baumann",7802,"17111 Duvall Monroe Road Northeast, Duvall, Washington, 98019",13
2026-10-08,Alias Franks,3,07:53,10:53,"Joydeep Kant",8387,"27311 Northeast Walden Way, Duvall, Washington, 98019",10
2026-10-08,Alias Franks,4,08:16,11:16,"Ryan Middleton",5011,"15404 287th Ave NE, Duvall, Wa, 98019",8
2026-10-08,Alias Franks,5,08:42,11:42,"Scott Taylor",5150,"12802 318th Avenue Northeast, Duvall, Washington, 98019",11
2026-10-08,Alias Franks,6,09:08,12:08,"Kelly Tivnan",6990,"10782 East Lake Joy Drive Northeast, Carnation, Washington, 98014",11
2026-10-08,Alias Franks,7,09:34,12:34,"Karen Porter",5007,"9532 Carnation-Duvall Road Northeast, Carnation, Washington, 98014",11
2026-10-08,Alias Franks,8,09:59,12:59,"Colleen Hart",8286,"6819 Ames Lake-Carnation Road Northeast, Carnation, Washington, 98014",10
2026-10-08,Alias Franks,9,10:22,13:22,"Roselee Buonauro - one year Mole control",6809,"3907 259th Way Northeast, Redmond, Washington, 98053",8
2026-10-08,Alias Franks,10,10:44,13:44,"Lina Bancroft",8074,"25419 Northeast Union Hill Road, Redmond, Washington, 98053",7
2026-10-08,Alias Franks,11,11:07,14:07,"Shelley Ryan",7869,"10611 Redmond Ridge Drive Northeast, Redmond, Washington, 98053",8
2026-10-08,Alias Franks,12,11:31,14:31,"Nick Miller",4673,"4402 228th Avenue Northeast, Redmond, Washington, 98053",9
2026-10-08,Alias Franks,13,11:49,14:49,"Seddik Belyamani - TMCP",7022,"5605 228th Avenue Northeast, Redmond, Washington, 98053",3
2026-10-08,Alias Franks,14,12:11,15:11,"Tim Matula",6373,"3639 211th Place Northeast, Sammamish, Washington, 98074",8
2026-10-08,Alias Franks,15,12:33,15:33,"Teri McCabe",7262,"2213 Sahalee Drive West, Sammamish, Washington, 98074",6
2026-10-08,Alias Franks,16,12:55,15:55,"John Shepard",8249,"2110 236th Avenue Northeast, Sammamish, Washington, 98074",7
2026-10-08,Alias Franks,17,13:20,16:20,"Kim Suver",8154,"18845 Northeast 49th Place, Sammamish, Washington, 98074",11
2026-10-08,Cory Ventura,1,07:00,10:00,"Samantha Sieverling",8058,"21917 147th Street East, BonneyLake, Washington, 98391",14
2026-10-08,Cory Ventura,2,07:19,10:19,"Larry Brewer",8084,"12626 194th Avenue Court East, Sumner, Washington, 98391",7
2026-10-08,Cory Ventura,3,07:35,10:35,"April Bower",7664,"13603 193rd Avenue East, Bonney Lake, Washington, 98391",5
2026-10-08,Cory Ventura,4,07:50,10:50,"Todd Allen",8504,"18615 145th Street East, Bonney Lake, Washington, 98391",3
2026-10-08,Cory Ventura,5,08:04,11:04,"Tehaleh Owners Association - 1 Year Mole Control Service",,"Cascadia Boulevard East, Tehaleh, Washington, 98391",2
2026-10-08,Cory Ventura,6,08:20,11:20,"Tim Saiz",7793,"11413 197th Avenue East, Bonney Lake, Washington, 98391",4
2026-10-08,Cory Ventura,7,08:38,11:38,"Scot Lynch",7880,"8601 Main Street East, Bonney Lake, Washington, 98391",6
2026-10-08,Cory Ventura,8,08:53,11:53,"Joey Deluca",7739,"18723 McGhee Drive East, Bonney Lake, Washington, 98391",4
2026-10-08,Cory Ventura,9,09:06,12:06,"Maryanne Zukowski",8325,"18716 McGhee Drive East, Bonney Lake, Washington, 98391",1
2026-10-08,Cory Ventura,10,09:20,12:20,"John Keen",7720,"18205 Bonney Lake Boulevard East, Bonney Lake, Washington, 98391",2
2026-10-08,Cory Ventura,11,09:33,12:33,"BIll Sweatman",6028,"7013 181st Avenue East Units A&B, Bonney Lake, Washington, 98391",1
2026-10-08,Cory Ventura,12,09:50,12:50,"Liki Estes",4994,"16202 39th Street Court East, Lake Tapps, Washington, 98391",5
2026-10-08,Cory Ventura,13,10:05,13:05,"Jenna Larson",8231,"2802 162nd Avenue Court East, Lake Tapps, Washington, 98391",3
2026-10-08,Cory Ventura,14,10:20,13:20,"Rick Eichert",8644,"2021 Sumner Tapps Hwy e, Lake Tapps, Wa, 98391",3
2026-10-08,Cory Ventura,15,10:36,13:36,"Chelsea Scott",7694,"18724 3rd Street East, Lake Tapps, Washington, 98391",5
2026-10-08,Cory Ventura,16,10:53,13:53,"Jan Sterling - Total Mole Control Protection",8585,"1325 213th Avenue East, Bonney Lake, Washington, 98391",4
2026-10-08,Cory Ventura,17,11:11,14:11,"Marcus Andy",4979,"23312 54th Street East, Buckley, Washington, 98321",6
2026-10-08,Cory Ventura,18,11:23,14:23,"Marcus Andy",4979,"23312 54th Street East, Buckley, Washington, 98321",0
2026-10-08,Cory Ventura,19,11:41,14:41,"Jim Benham",4882,"23308 70th Street East, Buckley, Washington, 98321",6
2026-10-08,Cory Ventura,20,11:56,14:56,"Marcus Hoff",7671,"22518 Connells Prairie Road, Buckley, Washington, 98321",3
2026-10-08,Cory Ventura,21,12:09,15:09,"Dee Lewis",5915,"22815 Connells Prairie Road, Buckley, Washington, 98321",1
2026-10-08,Cory Ventura,22,12:23,15:23,"Tom & Sarah Long",8402,"24211 Sumner Buckley Hwy, Buckley, Wa, 98321",2
2026-10-08,Cory Ventura,23,12:37,15:37,"Dave Koshork",6300,"8122 224th Avenue East, Buckley, Washington, 98321",3
2026-10-08,Cory Ventura,24,12:53,15:53,"Leslie Turner",6454,"21702 91st Street East, Bonney Lake, Washington, 98391",3
2026-10-08,Cory Ventura,25,13:09,16:09,"Melisa Shryock",6985,"23404 93rd Street East, Buckley, Washington, 98321",4
2026-10-08,Cory Ventura,26,13:26,16:26,"Derek Smith",7816,"11711 242nd Avenue East, Buckley, Washington, 98321",5
2026-10-08,Cory Ventura,27,13:40,16:40,"Darren Bartels",7430,"12126 243rd Avenue East, Buckley, Washington, 98321",2
2026-10-08,Cory Ventura,28,13:53,16:53,"Jane Molenda - TMCP Conversion",8390,"11907 241st Avenue Court East, Buckley, Washington, 98321",1
2026-10-08,Cory Ventura,29,14:07,17:07,"Brant Bengston",5148,"25017 112th Street East, Buckley, Washington, 98321",2
2026-10-08,Cory Ventura,30,14:22,17:22,"Matt Cordova",6324,"27919 112th Street East, Buckley, Washington, 98321",3
2026-10-08,Cory Ventura,31,14:37,17:37,"Tyler Smythe",7705,"29022 Washington 410, suite b, Buckley, Washington, 98321",2
2026-10-08,Cory Ventura,32,14:52,17:52,"Mary Linda Epps",7657,"13113 Fettig Road E, Buckley, Washington, 98321",3
2026-10-08,Cory Ventura,33,15:05,18:05,"Kalen Radford (SET)",8666,"14121 St. Rt. 165, Buckley, Washington, 98321",1
2026-10-08,Cory Ventura,34,15:31,18:31,"Brenda Vonderahe",8137,"15717 Washington 165, Buckley, Washington, 98321",2
2026-10-08,Luke LaVergne,1,07:10,10:10,"Leslie Griswold",7529,"1808 Brown Street Southeast, Olympia, Washington, 98501",46
2026-10-08,Luke LaVergne,2,07:27,10:27,"Anne Gallagher",7897,"2024 17th Avenue Southeast, Olympia, Washington, 98501",1
2026-10-08,Luke LaVergne,3,07:49,10:49,"Briggs Village HOA",8591,"1508 Brighton Way Southeast, Olympia, Washington, 98501",7
2026-10-08,Luke LaVergne,4,08:07,11:07,"Katherine Cavanaugh",7527,"1001 South Street Southeast, Tumwater, Washington, 98501",4
2026-10-08,Luke LaVergne,5,08:26,11:26,"Fran Huntington",8643,"3030 Capitol Boulevard South, Olympia, Washington, 98501",4
2026-10-08,Luke LaVergne,6,08:46,11:46,"Jonah Pickens",8437,"608 North 9th Avenue Southwest, Tumwater, Washington, 98512",5
2026-10-08,Luke LaVergne,7,09:22,12:22,"Dean Adamo",8588,"709 Summit Lake Shore Road Northwest, Olympia, Washington, 98502",21
2026-10-08,Luke LaVergne,8,09:54,12:54,"Dennis Tuomi",7936,"2020 Delphi Road Southwest, Olympia, Washington, 98512",17
2026-10-08,Luke LaVergne,9,10:17,13:17,"Columbus Candies",7815,"6815 Nels Street Southwest, Olympia, Washington, 98512",7
2026-10-08,Luke LaVergne,10,10:33,13:33,"Rachel Decker",7461,"6441 Nels Street Southwest, Olympia, Washington, 98512",1
2026-10-08,Luke LaVergne,11,10:56,13:56,"Simmons Mill HOA",8404,"3568 Simmons Mill Court Southwest, Tumwater, Washington, 98512",8
2026-10-08,Luke LaVergne,12,11:17,14:17,"Western Plaza - 10 revolving site TMCP June 2026 - December",,"1841 Trosper Rd SW, Tumwater, Washington, 98512",6
2026-10-08,Luke LaVergne,13,11:43,14:43,"Kathleen Nurmi",7618,"9012 Littlerock Road Southwest, Olympia, Washington, 98512",11
2026-10-08,Luke LaVergne,14,12:09,15:09,"Deschutes Storage",7337,"607 Durell Road Southeast, Tumwater, Washington, 98501",11
2026-10-08,Luke LaVergne,15,12:32,15:32,"Dave Kenney",7937,"2215 Yelm Highway Southeast, Olympia, Washington, 98501",8
2026-10-08,Luke LaVergne,16,12:51,15:51,"Rachel Hanes",8581,"3500 Buckingham Court Southeast, Olympia, Washington, 98501",3
2026-10-08,Luke LaVergne,17,13:09,16:09,"Vicki Harrod",8621,"3332 Van Epps Street Southeast, Olympia, Washington, 98501",3
2026-10-08,Robert Norton,1,07:00,10:00,"Lee Hansen",4550,"17632 190th Avenue Southeast, Renton, Washington, 98058",15
2026-10-08,Robert Norton,2,07:20,10:20,"Thanhquyen Nguyen",6144,"20315 Southeast 192nd Street, Renton, Washington, 98058",5
2026-10-08,Robert Norton,3,07:44,10:44,"Phyllis Miller",8530,"18614 179th Place Southeast, Renton, Washington, 98058",9
2026-10-08,Robert Norton,4,08:05,11:05,"Olivia Sandoval",7766,"16601 Southeast 165th Way, Renton, Washington, 98058",6
2026-10-08,Robert Norton,5,08:28,11:28,"Melody Deisher",8459,"14104 Southeast 188 Way, Renton, Washington, 98058",8
2026-10-08,Robert Norton,6,08:46,11:46,"Kelly Kunz",7961,"19454 136th Place Southeast, Renton, Washington, 98058",3
2026-10-08,Robert Norton,7,09:05,12:05,"Michele Rustvold",8442,"11844 Southeast 189th Place, Renton, Washington, 98058",4
2026-10-08,Robert Norton,8,09:25,12:25,"Karen Baker",7837,"17634 111th Avenue Southeast, Renton, Washington, 98055",5
2026-10-08,Robert Norton,9,09:47,12:47,"David Lloyd",7987,"1615 Pierce Avenue Southeast, Renton, Washington, 98058",7
2026-10-08,Robert Norton,10,10:03,13:03,"Stephen Van Ingen",7943,"15625 129th Court Southeast, Renton, Washington, 98058",1
2026-10-08,Robert Norton,11,10:35,13:35,"Denise Froatz",8366,"20613 Southeast 136th Street, Issaquah, Washington, 98027",17
2026-10-08,Robert Norton,12,11:00,14:00,"Don Petricic",6663,"14225 228th Avenue Southeast, Issaquah, Washington, 98027",9
2026-10-08,Robert Norton,13,11:25,14:25,"Jeff Jensen",4954,"13106 246th Avenue Southeast, Issaquah, Washington, 98027",11
2026-10-08,Robert Norton,14,11:48,14:48,"Jason Nault",7382,"14324 250th Place Southeast, Issaquah, Washington, 98027",8
2026-10-08,Robert Norton,15,12:11,15:11,"Michael Sexton",8609,"25326 Southeast Mirrormont Boulevard, Issaquah, Washington, 98027",8
2026-10-08,Robert Norton,16,12:31,15:31,"Jenny Roy - !!! Annual Customer !!!",5152,"24525 Southeast 156th Street, Issaquah, Washington, 98027",5
2026-10-08,Robert Norton,17,12:50,15:50,"Amber Owen",6475,"15417 Cedar Grove Road Southeast, Issaquah, Washington, 98027",3
2026-10-08,Robert Norton,18,13:09,16:09,"Liz Jones",5022,"24328 Southeast 162nd Street, Issaquah, Washington, 98027",4
2026-10-08,Robert Norton,19,13:28,16:28,"Priscilla Dendy",5040,"23425 Southeast 160th Place, Issaquah, Washington, 98027",4
2026-10-08,Robert Norton,20,13:48,16:48,"Connie Schlimgen",8628,"24109 Southeast 170th Street, Maple Valley, Washington, 98038",5
2026-10-08,Robert Norton,21,14:16,17:16,"Dustin Quaschnik",8629,"22114 Southeast Bain Road, Maple Valley, Washington, 98038",13
2026-10-08,Robert Norton,22,14:36,17:36,"Jake Nettleton",5458,"23308 Southeast 218th Street, Maple Valley, Washington, 98038",6
2026-10-08,Robert Norton,23,14:55,17:55,"Phyllis Eakins",8617,"23213 Southeast 224th Court, Maple Valley, Washington, 98038",4
2026-10-08,Robert Norton,24,15:16,18:16,"Randy Stegmeier",4545,"23828 Southeast 216th Street, Maple Valley, Washington, 98038",6
2026-10-08,Robert Norton,25,15:32,18:32,"Greg Anderson",7306,"21787 240th Place Southeast, Maple Valley, Washington, 98038",1
2026-10-08,Robert Norton,26,15:53,18:53,"Charles Hahn - ANNUAL CUSTOMER",6287,"25503 SE 192nd Street, Maple Valley, Washington, 98038",6
2026-10-08,Robert Norton,27,16:14,19:14,"Jamie Randall",7767,"20507 244th Avenue Southeast, Maple Valley, Washington, 98038",5
2026-10-08,Tavis Alexander,1,07:00,10:00,"Joseph Syejoon Lee",8214,"16012 Southeast 140th Street, Renton, Washington, 98059",35
2026-10-08,Tavis Alexander,2,07:18,10:18,"Chris Taylor",5034,"13803 162nd Avenue SE, Renton, Washington, 98059",4
2026-10-08,Tavis Alexander,3,07:38,10:38,"Evan Henke",7406,"16616 Southeast 134th Street, Renton, Washington, 98059",5
2026-10-08,Tavis Alexander,4,07:55,10:55,"Michael Satran",5594,"13840 169th Avenue Southeast, Renton, Washington, 98059",2
2026-10-08,Tavis Alexander,5,08:14,11:14,"Jim Nelsen",5071,"14019 180th Avenue Southeast, Renton, Washington, 98059",4
2026-10-08,Tavis Alexander,6,08:32,11:32,"Debbie Griffith",4842,"13415 181st Avenue Southeast, Renton, Washington, 98059",3
2026-10-08,Tavis Alexander,7,08:52,11:52,"Paige Lamb",8513,"13805 West Lake Kathleen Drive Southeast, Renton, Washington, 98059",5
2026-10-08,Tavis Alexander,8,09:12,12:12,"Ross Luo",8350,"14105 East Lake Kathleen Drive Southeast, Renton, Washington, 98059",5
2026-10-08,Tavis Alexander,9,09:33,12:33,"Susanna Suiter",4929,"17002 Southeast 128th Street, Renton, Washington, 98059",6
2026-10-08,Tavis Alexander,10,09:52,12:52,"Kelly Scott",7812,"15705 Southeast 116th Street, Renton, Washington, 98059",5
2026-10-08,Tavis Alexander,11,10:14,13:14,"Jeff Ostlund",5371,"17535 Southeast 106th Street, Renton, Washington, 98059",7
2026-10-08,Tavis Alexander,12,10:38,13:38,"Brian Pare",8625,"10354 172nd Avenue Southeast, Renton, Washington, 98059",9
2026-10-08,Tavis Alexander,13,10:56,13:56,"Anne-Marie Jones",8599,"17107 Southeast 100th Street, Renton, Washington, 98059",3
2026-10-08,Tavis Alexander,14,11:13,14:13,"Mark Brainard",8317,"9931 171st Avenue Southeast, Renton, Washington, 98059",2
2026-10-08,Tavis Alexander,15,11:34,14:34,"Trent Bryan",8219,"11000 164th Avenue Southeast, Renton, Washington, 98059",6
2026-10-08,Tavis Alexander,16,11:53,14:53,"Kathryn Ngo (5th Visit)",8540,"5627 Northeast 24th Street, Renton, Washington, 98059",4
2026-10-08,Tavis Alexander,17,12:13,15:13,"Ben Gardner",7904,"12314 Southeast 96th Place, Renton, Washington, 98056",5
2026-10-08,Tavis Alexander,18,12:40,15:40,"Rishab Narula",7531,"15617 South East 83 Court, Newcastle, Washington, 98059",12
2026-10-08,Tavis Alexander,19,13:00,16:00,"Tanya O'Bannon - Lakemont Community Association - 1 year Tot",,"Lakemont Boulevard Southeast, Bellevue, Washington, 98006",6
2026-10-08,Tavis Alexander,20,13:19,16:19,"Leena Shah",8338,"15433 Southeast 59th Street, Bellevue, Washington, 98006",4
2026-10-08,Tavis Alexander,21,13:39,16:39,"Erik Yang",7823,"5603 135th Place Southeast, Bellevue, Washington, 98006",5
2026-10-08,Tavis Alexander,22,13:58,16:58,"Donna Youngblood",8549,"4259 122nd Avenue Southeast, Bellevue, Washington, 98006",4
2026-10-08,Tavis Alexander,23,14:20,17:20,"Frank Ciaramello",8026,"6245 121st Avenue Southeast, Bellevue, Washington, 98006",7
2026-10-08,Tavis Alexander,24,14:43,17:43,"Paul Davis",8146,"4211 Williams Avenue North, Renton, Washington, 98056",8
2026-10-08,Tavis Alexander,25,14:53,17:53,"Barbee Mill HOA",7964,"4205 Williams Avenue North, Renton, Washington, 98056",1
2026-10-08,Tavis Alexander,26,15:02,18:02,"Nasima Vira",8016,"4029 Williams Avenue North, Renton, Washington, 98056",1
2026-10-08,Tavis Alexander,27,15:12,18:12,"Marianne Parasida",7980,"4057 Williams Avenue North, Renton, Washington, 98056",1
2026-10-08,Tavis Alexander,28,15:22,18:22,"John Wohlfarth",8019,"1003 North 41st Place, Renton, Washington, 98056",1
2026-10-08,Tavis Alexander,29,15:31,18:31,"Jay Hickenbottom",8320,"1111 North 41st Place, Renton, Washington, 98056",1
2026-10-08,Tavis Alexander,30,15:41,18:41,"Laura Zarro",8147,"1225 North 41st Place, Renton, Washington, 98056",1
2026-10-08,Tavis Alexander,31,15:57,18:57,"Dana Dauenhauer",8418,"2236 Kennewick Place Northeast, Renton, Washington, 98056",6
2026-10-08,Tavis Alexander,32,16:14,19:14,"Ron Short",5667,"2116 Northeast 16th Street, Renton, Washington, 98056",2
2026-10-08,Tavis Alexander,33,16:34,19:34,"Mary Hendrickson",8603,"1317 Pierce Place Northeast, Renton, Washington, 98056",5
2026-10-08,Tavis Alexander,34,16:56,19:56,"Eugene Wong (SET)",8664,"1703 Field Place Northeast, Renton, Washington, 98059",7
2026-10-08,Tavis Alexander,35,17:33,20:33,"Sean Finlayson",7672,"5609 Southeast 2nd Court, Renton, Washington, 98059",7
2026-10-08,Tavis Alexander,36,17:52,20:52,"Sharry Kim",8160,"15003 Southeast 138th Place, Renton, Washington, 98059",4
2026-10-09,Alias Franks,1,07:16,10:16,"Donald Kaplan",8339,"205 East Lake Sammamish Shore Lane Northeast, Sammamish, Washington, 98074",42
2026-10-09,Alias Franks,2,07:36,10:36,"Karen Horvath",8604,"2713 East Lake Sammamish Parkway Southeast, Sammamish, Washington, 98075",4
2026-10-09,Alias Franks,3,07:53,10:53,"Josh Hedrick",7817,"3808 202nd Place Southeast, Sammamish, Washington, 98075",2
2026-10-09,Alias Franks,4,08:14,11:14,"Rick Conces",5415,"5837 221st Place Southeast, Issaquah, Washington, 98027",6
2026-10-09,Alias Franks,5,08:34,11:34,"Jean Vanwagoner",8497,"5408 235th Avenue Southeast, Issaquah, Washington, 98029",5
2026-10-09,Alias Franks,6,08:57,11:57,"Stan Adams",8288,"3211 263rd Court Southeast, Sammamish, Washington, 98075",8
2026-10-09,Alias Franks,7,09:15,12:15,"Yuji Xie",8543,"2640 262nd Place Southeast, Sammamish, Washington, 98075",3
2026-10-09,Alias Franks,8,09:40,12:40,"Melissa Osvaldik",7477,"1730 298th Crescent Southeast, Fall City, Washington, 98024",10
2026-10-09,Alias Franks,9,09:59,12:59,"Ken Larson",8258,"120 292nd Avenue Northeast, Fall City, Washington, 98024",5
2026-10-09,Alias Franks,10,10:25,13:25,"Richard Depencier",8520,"3708 260th Avenue Southeast, Issaquah, Washington, 98029",11
2026-10-09,Alias Franks,11,10:44,13:44,"William Kearl",8556,"24202 Southeast 30th Street, Sammamish, Washington, 98075",4
2026-10-09,Alias Franks,12,11:02,14:02,"Daniel Bay",8046,"1829 244th Avenue Southeast, Issaquah, Washington, 98075",3
2026-10-09,Alias Franks,13,11:21,14:21,"Tom Craig",5441,"2020 239th Place Southeast, Sammamish, Washington, 98075",3
2026-10-09,Alias Franks,14,11:39,14:39,"Juliet Dixon",8594,"2671 230th Avenue Southeast, Sammamish, Washington, 98075",3
2026-10-09,Alias Franks,15,11:58,14:58,"Deborah Berger",8156,"2809 226th Avenue Southeast, Sammamish, Washington, 98075",4
2026-10-09,Alias Franks,16,12:17,15:17,"Sara Houpis",7011,"3509 219th Place Southeast, Sammamish, Washington, 98075",4
2026-10-09,Alias Franks,17,12:37,15:37,"Shannon Supple",8547,"21310 Southeast 11th Street, Sammamish, Washington, 98075",5
2026-10-09,Alias Franks,18,12:56,15:56,"Paul Latham",8014,"20735 Southeast 3rd Way, Sammamish, Washington, 98074",4
2026-10-09,Alias Franks,19,13:15,16:15,"Jeannine Rouleau",7676,"21250 Northeast 4th Street, Sammamish, Washington, 98074",4
2026-10-09,Alias Franks,20,13:37,16:37,"Jennifer Beardall",4614,"821 217th Place Northeast, Sammamish, Washington, 98074",7
2026-10-09,Cory Ventura,1,07:00,10:00,"Clint Bjornson",6389,"21804 171st Avenue Court East, Graham, Washington, 98338",22
2026-10-09,Cory Ventura,2,07:15,10:15,"Joe Edmunson",6064,"21411 Jansky Road East, Graham, Washington, 98338",3
2026-10-09,Cory Ventura,3,07:31,10:31,"Chris Thornhill",5540,"19801 150th Avenue East, Graham, Washington, 98338",4
2026-10-09,Cory Ventura,4,07:46,10:46,"Leeroy Perkins",7747,"20107 135th Avenue East, Graham, Washington, 98338",3
2026-10-09,Cory Ventura,5,08:01,11:01,"Dave Sinner",8318,"13701 210th Street East, Graham, Washington, 98338",3
2026-10-09,Cory Ventura,6,08:15,11:15,"Loren Vail",5954,"22411 135th Avenue Court East, Graham, Washington, 98338",3
2026-10-09,Cory Ventura,7,08:31,11:31,"Tamira Gilbert",8614,"23014 145th Avenue East, Graham, Washington, 98338",4
2026-10-09,Cory Ventura,8,08:46,11:46,"Melissa Bobbit",8611,"14712 234th Street East, Graham, Washington, 98338",3
2026-10-09,Cory Ventura,9,09:03,12:03,"Ron Houlihan",5413,"23602 Orting Kapowsin Hwy, graham, Washington, 98338",5
2026-10-09,Cory Ventura,10,09:15,12:15,"Chris Sita",7457,"23703 Orting Kapowsin Highway East, Graham, Washington, 98338",1
2026-10-09,Cory Ventura,11,09:39,12:39,"Kristin Collett",7795,"30812 129th Avenue East, Graham, Washington, 98338",12
2026-10-09,Cory Ventura,12,10:07,13:07,"Stas",8641,"37816 99th Avenue Court East, Eatonville, Washington, 98328",15
2026-10-09,Cory Ventura,13,10:28,13:28,"Pam Griffin (PULL)",6619,"227 Dow Ridge Drive North, Eatonville, Washington, 98328",9
2026-10-09,Cory Ventura,14,10:54,13:54,"Dave Combs",7805,"16923 452nd Street East, Eatonville, Washington, 98328",14
2026-10-09,Cory Ventura,15,11:25,14:25,"Monty Mansfield",8436,"14307 501st Street East, Eatonville, Washington, 98328",20
2026-10-09,Cory Ventura,16,11:57,14:57,"Larry Lemmon",5639,"10511 438th Street Court East, Eatonville, Washington, 98328",20
2026-10-09,Cory Ventura,17,12:22,15:22,"Candice Storm",5192,"43015 32nd Ave E, Eatonville, WASHINGTON, 98328",13
2026-10-09,Cory Ventura,18,12:59,15:59,"Eric Hill",8578,"27520 126th Avenue East, Graham, Washington, 98338",24
2026-10-09,Cory Ventura,19,13:19,16:19,"Ruth Edwards",5077,"14607 260th Street East, Graham, Washington, 98338",9
2026-10-09,Cory Ventura,20,13:35,16:35,"Suzanne Gullace",7725,"26707 Orville Road East, Orting, Washington, 98360",4
2026-10-09,Cory Ventura,21,13:56,16:56,"Jessica Rakos",7670,"23405 Fisk RD E, Orting, Washington, 98360",9
2026-10-09,Cory Ventura,22,14:15,17:15,"HyperGreen Landscaping",4926,"Buttes Drive East, Pierce County, Washington, 98360",7
2026-10-09,Luke LaVergne,1,07:00,10:00,"Charlie Brown",7675,"63 West Road, Tacoma, Washington, 98406",25
2026-10-09,Luke LaVergne,2,07:18,10:18,"Geoff Bentley (5th Visit)",8542,"2326 North 28th Street, Tacoma, Washington, 98403",4
2026-10-09,Luke LaVergne,3,07:37,10:37,"Effie Weaver",8237,"3109 North 33rd Street, Tacoma, Washington, 98407",4
2026-10-09,Luke LaVergne,4,07:57,10:57,"Bess Poehlmann",7497,"4105 North 39th Street, Tacoma, Washington, 98407",5
2026-10-09,Luke LaVergne,5,08:14,11:14,"Jon Gomes",8277,"4107 North 34th Street, Tacoma, Washington, 98407",2
2026-10-09,Luke LaVergne,6,08:37,11:37,"Annette Bunker",8444,"1276 Huson Drive, Tacoma, Washington, 98405",8
2026-10-09,Luke LaVergne,7,09:01,12:01,"Stacey Ogle",8582,"8361 North 9th Street, Tacoma, Washington, 98406",9
2026-10-09,Luke LaVergne,8,09:24,12:24,"Jason Edwards",5696,"4808 93rd Ave W, University Place, Washington, 98466",8
2026-10-09,Luke LaVergne,9,09:42,12:42,"Debbie Jennings",8124,"4423 Memory Lane West, University Place, Washington, 98466",3
2026-10-09,Luke LaVergne,10,10:04,13:04,"Merlene Davis",8655,"8405 62nd Street West, University Place, Washington, 98467",8
2026-10-09,Luke LaVergne,11,10:24,13:24,"Mike Ahquin",5412,"6600 Flanegan Road West, Tacoma, Washington, 98499",5
2026-10-09,Luke LaVergne,12,10:49,13:49,"Steilacoom Gardens Condominiums (SET)",8665,"2814 Garden Court, Steilacoom, Washington, 98388",10
2026-10-09,Luke LaVergne,13,11:27,14:27,"Lourdes Orive - Darcy",8430,"9409 110th Street Southwest, Tacoma, Washington, 98498",7
2026-10-09,Luke LaVergne,14,11:47,14:47,"Tom Falk",7026,"7909 Interlaaken Drive Southwest, Lakewood, Washington, 98498",5
2026-10-09,Luke LaVergne,15,12:06,15:06,"Joseph Shannon",8290,"11201 Lake Steilacoom Drive Southwest, Tacoma, Washington, 98498",4
2026-10-09,Luke LaVergne,16,12:37,15:37,"Jessica & Jeff Clementz",8090,"301 East 91st Street, Tacoma, Washington, 98445",16
2026-10-09,Luke LaVergne,17,12:59,15:59,"Timothy Vanstrien",8085,"10302 Waller Road East, Tacoma, Washington, 98446",7
2026-10-09,Luke LaVergne,18,13:18,16:18,"Wes Rhoten",6677,"7723 34th Avenue East, Tacoma, Washington, 98443",4
2026-10-09,Robert Norton,1,07:00,10:00,"Jean Brannen",6953,"25612 209th Loop Southeast, Covington, Washington, 98042",9
2026-10-09,Robert Norton,2,07:15,10:15,"Sandee Smith",5602,"25719 209th Loop Southeast, Covington, Washington, 98042",1
2026-10-09,Robert Norton,3,07:38,10:38,"Louis Chirillo - Quote for Louis Chirillo",8173,"19018 Southeast 260th Street, Covington, Washington, 98042",7
2026-10-09,Robert Norton,4,08:05,11:05,"Lewis Henry",8531,"26002 Southeast 208th Street, Maple Valley, Washington, 98038",12
2026-10-09,Robert Norton,5,08:26,11:26,"Collin Sidebotham - Job for Collin Sidebotham",7896,"26635 Southeast 196th Street, Maple Valley, Washington, 98038",6
2026-10-09,Robert Norton,6,08:48,11:48,"Jeff Westcott",8597,"28603 Southeast 204th Street, Maple Valley, Washington, 98038",7
2026-10-09,Robert Norton,7,09:05,12:05,"Tom Hornberg",5829,"28611 SE 204th St, Maple Valley, Wa, 98038",3
2026-10-09,Robert Norton,8,09:27,12:27,"Brad Hickel (5th Visit)",8519,"21707 293rd Avenue Southeast, Maple Valley, Washington, 98038",7
2026-10-09,Robert Norton,9,09:49,12:49,"Kevin Hoffman",6409,"28605 Southeast 216th Lane, Maple Valley, Washington, 98038",7
2026-10-09,Robert Norton,10,10:13,13:13,"Matt Swank",4880,"25123 Southeast 224th Street, Maple Valley, Washington, 98038",9
2026-10-09,Robert Norton,11,10:33,13:33,"Elizabeth Kalouner",7644,"26813 Southeast 236th Street, Maple Valley, Washington, 98038",5
2026-10-09,Robert Norton,12,10:57,13:57,"Dennis Scroggins",5053,"25406 Landsburg Road Southeast, Ravensdale, Washington, 98051",9
2026-10-09,Robert Norton,13,11:22,14:22,"Sally Gasser",7449,"30655 Kanaskat Kangley Road Southeast, Ravensdale, Washington, 98051",10
2026-10-09,Robert Norton,14,11:42,14:42,"Darren Mccullough - Total Mole Control Program",8463,"30010 Retreat Kanasket Road Southeast, Ravensdale, Washington, 98051",5
2026-10-09,Robert Norton,15,12:03,15:03,"Tom Weaver",5052,"28211 307th ave se, Ravensdale, Wa, 98051",5
2026-10-09,Robert Norton,16,12:21,15:21,"Mike Coile",7735,"27230 304th AVE se, Ravensdale, Wa, 98051",4
2026-10-09,Robert Norton,17,12:44,15:44,"Amy Thomas",7450,"26255 Southeast 276th Street, Ravensdale, Washington, 98051",7
2026-10-09,Robert Norton,18,13:08,16:08,"David Rosser",5982,"25335 237th Place Southeast, Maple Valley, Washington, 98038",9
2026-10-09,Robert Norton,19,13:24,16:24,"Dave Wilson",5427,"23502 Southeast 253rd Place, Maple Valley, Washington, 98038",2
2026-10-09,Robert Norton,20,13:43,16:43,"Albert Mooney",8660,"24006 Southeast 243rd Street, Maple Valley, Washington, 98038",4
2026-10-09,Robert Norton,21,14:05,17:05,"Kirsten Taylor",7819,"21711 Southeast 259th Street, Maple Valley, Washington, 98038",7
2026-10-09,Tavis Alexander,1,07:01,10:01,"Michelle Mueller - Job for Michelle Mueller",5201,"45609 Southeast Edgewick Road, North Bend, Washington, 98045",46
2026-10-09,Tavis Alexander,2,07:22,10:22,"Scott Vojik",8315,"47150 Southeast 162nd Street, North Bend, Washington, 98045",7
2026-10-09,Tavis Alexander,3,07:44,10:44,"Kelsey Peck",8224,"45720 Southeast 139th Place, North Bend, Washington, 98045",7
2026-10-09,Tavis Alexander,4,08:04,11:04,"Matt Wurdeman - TMCP",6739,"43923 Southeast 127th Place, North Bend, Washington, 98045",6
2026-10-09,Tavis Alexander,5,08:22,11:22,"Jeff Taylor",7295,"12825 452nd Avenue Southeast, North Bend, Washington, 98045",3
2026-10-09,Tavis Alexander,6,08:40,11:40,"Barry Heimbigner",4754,"12570 465th Avenue Southeast, North Bend, Washington, 98045",3
2026-10-09,Tavis Alexander,7,08:58,11:58,"Evan Epstein",4504,"12803 452nd Avenue Southeast, North Bend, Washington, 98045",3
2026-10-09,Tavis Alexander,8,09:20,12:20,"Julie Carper",5325,"351 Merritt Place Northeast, North Bend, Washington, 98045",7
2026-10-09,Tavis Alexander,9,09:42,12:42,"Mike Rohan",4760,"411 Northeast 12th Street, North Bend, Washington, 98045",7
2026-10-09,Tavis Alexander,10,09:59,12:59,"Melissa Street",6402,"42526 Southeast 108th Street, North Bend, Washington, 98045",2
2026-10-09,Tavis Alexander,11,10:19,13:19,"Stephanie Larson",7841,"43427 Southeast 92nd Street, North Bend, Washington, 98045",5
2026-10-09,Tavis Alexander,12,10:42,13:42,"Wanda Neste",5004,"7421 442nd Place Southeast, Snoqualmie, Washington, 98065",8
2026-10-09,Tavis Alexander,13,11:08,14:08,"Gary Patterson",6088,"7418 408th Avenue Southeast, Snoqualmie, Washington, 98065",11
2026-10-09,Tavis Alexander,14,11:37,14:37,"Angela Bowers",8044,"35513 Southeast 49th Street, Fall City, Washington, 98024",14
2026-10-09,Tavis Alexander,15,12:01,15:01,"MT Landscape",7388,"3613 324th Avenue Southeast, Fall City, Washington, 98024",10
2026-10-09,Tavis Alexander,16,12:29,15:29,"Nadia Reynolds",7270,"34400 Southeast Burke Street, Snoqualmie, Washington, 98065",13
2026-10-09,Tavis Alexander,17,13:00,16:00,"Tino Perrina - 10707 and 10603 Upper Preston Road",7472,"10603 Upper Preston Road Southeast, Issaquah, Washington, 98027",16
2026-10-09,Tavis Alexander,18,13:32,16:32,"Cindy Kamrin",8213,"3415 Northeast Madison Way, Issaquah, Washington, 98029",16
2026-10-09,Tavis Alexander,19,13:51,16:51,"Laura Galbato (PROBLEM JOB)",8528,"3372 Northeast Harrison Street, Issaquah, Washington, 98029",4
