id,handle,title,vendor,origin,brand,originNote,inHouse,platform,type,tags,variants,priceMin,priceMax,discounted,discPct,compareAt,available,images,descChars,descState,skuMissing,titleIssues,created
8116361068613,compact-intercooler,Compact Intercooler,Syperformance,IN-HOUSE,SYPerformance,,true,Unclassified,,Intercooler|Street intercooler,1,475,475,false,0,,true,1,188,THIN,1,,2026-06-09
7110594265157,honda-k-series-k20a2-rsx-type-s-2nd-gear,Honda K Series K20a2 Rsx Type S 2nd Gear,SYNCHRO SOLUTIONZ,IN-HOUSE,Synchro Solutionz,,true,Honda K,,2nd gear|6spd|Type s,1,220,220,false,0,,true,1,53,STUB,1,,2024-03-30
7116425494597,b-series-single-lobe-billet-rockers,B Series Single Lobe Billet Rockers,Syperformance,IN-HOUSE,SYPerformance,,true,Honda K + Honda B,,B series rockers|B series single lobe|B series vtec killer rockers|B16 rockers|B18 rockers|Civic si rockers|Gsr rockers|Vtec rockers,1,795,795,true,5,835.00,true,3,70,STUB,1,,2024-04-02
8058628571205,pulsar-next-gen-blow-off-valve,Pulsar Next Gen Blow Off Valve,PULSAR,RESOLD,Pulsar,,false,Unclassified,,Blow off valve|Bov|PULSAR,1,200,200,false,0,,true,2,151,THIN,1,,2026-04-23
7466860249157,syp-2021-toyota-supra-a90-a91-3-0-6-port-turbo-kit,SYP 2021+ Toyota Supra A90 B58 3.0 6 Port Turbo Kit,Syperformance,UNKNOWN,SYPerformance,vendor=SYP but title is not a known in-house part family - owner must confirm,false,B58/BMW-Toyota,,2021 supra turbo kit|2022 supra turbo kit|A90|A90 6 port turbo kit|A90 supra|A90 supra turbo kit|A90 top mount turbo kit|A91 supra turbo kit|Ams|B58 6 port turbo kit|B58 gen 2|B58 turbo kit|Doc race|Ets|Klm|Mk5 supra turbo kit|Mkv supra turbo kit|Ptuned|Speed society|Supra 6 port turbo kit|Supra top mount turbo kit|Supra twin scroll|Titan supra,20,4000,7650,false,0,,true,21,1523,OK,20,SYP-abbrev,2024-11-19
7961536692293,k-series-transfer-case-billet-block-off,K Series Transfer Case Billet Block Off,Syperformance,IN-HOUSE,SYPerformance,,true,Honda K,,K series t case block off|Transfer Case Block off plate,1,110,110,false,0,,true,4,153,THIN,1,,2026-02-21
7961535086661,k-series-awd-billet-bellhousing,K Series Awd Billet Bellhousing,Syperformance,IN-HOUSE,SYPerformance,,true,Honda K,,Awd|Billet bellhousing|Billet case|K series Billet bellhousing|K20 bellhousing|K24 billet bellhousing,2,2995,3095,false,0,,true,3,176,THIN,2,,2026-02-21
7861693022277,b-series-honda-billet-water-necks,B Series Honda Billet Water Necks,Syperformance,IN-HOUSE,SYPerformance,,true,Honda B,,B16 water neck|B18|B18 b16|B18 water neck,4,55,55,false,0,,true,1,94,STUB,4,,2025-11-25
7668516749381,coolant-fill-weld-on-fittings,Coolant Fill Weld On Fittings,Syperformance,IN-HOUSE,SYPerformance,,true,Universal / fab,,16 an fittings|Hose fittings,6,25,25,false,0,,true,4,202,THIN,6,,2025-07-15
7357211869253,b58-2-bolt-throttle-body-flange,B58 2 Bolt Throttle Body Flange,Syperformance,IN-HOUSE,SYPerformance,,true,B58/BMW-Toyota,,B58 throttle body flange|Billet throttle body flange supra|Supra throttle body flange,1,50,50,false,0,,true,2,60,STUB,1,,2024-07-06
7607494180933,b-series-coolant-flanges,B Series Coolant Flanges,Syperformance,IN-HOUSE,SYPerformance,,true,Honda B,,B16 flange|B18 flange,2,30,30,false,0,,true,1,34,STUB,2,,2025-04-30
7607493787717,turbo-discharge-vband-flanges-3-5-8,"Turbo Discharge Vband Flanges 3 5/8""",Syperformance,IN-HOUSE,SYPerformance,,true,Universal / fab,,"3 5/8"" flange|Discharge flange|Downpipe flange|Precision turbo|PTP074-3036|T4 turbo flange",2,35,40,false,0,,true,4,83,STUB,2,,2025-04-30
7557477564485,stainless-flex-bellows,Stainless Flex Bellows,Syperformance,IN-HOUSE,SYPerformance,,true,Universal / fab,,Bellow|Flex bellows|Flex pipe,4,35,55,false,0,,true,1,37,STUB,4,,2025-03-11
7556312432709,lancer-evo-7-8-9-turbo-flange-factory-turbo,Lancer Evo 7/8/9 Turbo Flange Factory Turbo,Syperformance,IN-HOUSE,SYPerformance,,true,Evo 8/9,,Evo 8 flange|Evo 9 flange|Evo downpipe flange|Evo flange|Td05,1,55,55,false,0,,true,2,97,STUB,1,,2025-03-09
7023596044357,mandrel-bends-stainless-aluminum,Mandrel Bends Stainless304,Syperformance,IN-HOUSE,SYPerformance,,true,Universal / fab,,Mandrel bends,15,25,75,false,0,,true,5,15,STUB,15,,2024-01-20
7507632357445,k-series-hd-shift-selector-hammer,K Series HD Shift Selector Hammer (Scha),Syperformance,IN-HOUSE,SYPerformance,,true,Honda K,,K series selector|K series shift selector|K20 hd shift selector|K20 selector|Scha|Speedfactory selector,1,225,225,true,12,255.00,true,2,192,THIN,1,,2025-02-08
7506068570181,b16-race-fill-pot,B16 Race Fill Pot,Syperformance,UNKNOWN,SYPerformance,vendor=SYP but title is not a known in-house part family - owner must confirm,false,Honda B,,B series fill pot|B series swirl pot|B16 fill neck|B16 fill pot|B16 fill tank|B16 swirl pot,8,250,280,false,0,,true,2,182,THIN,8,,2025-02-05
7506062671941,b18-gsr-fill-pot,B18 GSR Fill Pot,Syperformance,UNKNOWN,SYPerformance,vendor=SYP but title is not a known in-house part family - owner must confirm,false,Honda B,,B18 fill pot|B18 swirl pot|B18 water neck,16,250,280,false,0,,true,3,272,THIN,16,,2025-02-05
7501135773765,vertical-flow-intercooler-universal,Vertical Flow Intercooler Universal,Syperformance,IN-HOUSE,SYPerformance,,true,Universal / fab,,Side feed intercooler|Twin turbo intercoolers|V mount intercooler|Vertical intercooler,1,575,575,false,0,,true,2,207,THIN,1,,2025-01-28
7501069353029,pulsar-wastegates,Pulsar Wastegates,Pulsar,RESOLD,Pulsar,,false,Unclassified,,45mm pulsar wastegate|60mm pulsar wastegate|Pulsar turbos|Pulsar wastegate,2,350,475,false,0,,true,1,12,STUB,2,,2025-01-28
7480684937285,honda-b-series-sfwd-intercooler,Honda Sfwd Intercooler B/D/H Series,Syperformance,IN-HOUSE,SYPerformance,,true,Honda B + Honda H/F,Intercooler,1000hp intercooler|1200hp intercooler|1400hp intercooler|Awd intercooler|B series intercooler|B16 turbo|B16 turbo intercooler|B18 turbo|B18 turbo kit|Front mount intercooler|Honda intercooler|Schmuck built intercooler|Sfwd intercooler|Speedfactory intercooler|Xfwd intercooler,16,685,985,false,0,,true,3,575,OK,16,,2024-12-20
7466831577157,k-swap-adapter-harness-honda,K Swap Adapter Harness Honda,Rywire,RESOLD,Rywire,,false,Honda K,,Honda k swap harness|K swap harness|Rywire swap harness,5,299,299,false,0,,true,1,1273,OK,5,,2024-11-18
7466830921797,rywire-v2-engine-harness-honda-k20,Rywire V2 Engine Harness Honda K20,Rywire,RESOLD,Rywire,,false,Honda K,,K series engine harness|K swap harness|K20 harness|Rywire,2,674,674,false,0,,true,1,515,OK,2,,2024-11-18
7447280418885,b-series-dust-boot,B Series Dust Boot,SYNCHRO SOLUTIONZ,IN-HOUSE,Synchro Solutionz,,true,Honda B,,,1,10,10,false,0,,true,1,0,EMPTY,1,,2024-10-27
7443792232517,b-awd-h22-5th-gear-synchro-50mm,B Awd/H22 5th Gear Synchro 50mm,SYNCHRO SOLUTIONZ,IN-HOUSE,Synchro Solutionz,,true,Honda H/F,,B awd 5th synchro|H22 5th synchro,1,25,25,false,0,,true,1,63,STUB,1,,2024-10-25
7443792003141,h-series-brass-synchro-kit-1-5,H Series Brass Synchro Kit 1-5,SYNCHRO SOLUTIONZ,IN-HOUSE,Synchro Solutionz,,true,Honda H/F,,H22 synchros,1,245,245,false,0,,true,1,94,STUB,1,,2024-10-25
7439713599557,b18a-b18b-integra-ls-synchro-kit,B18a/B18b Integra Ls Synchro Kit,SYNCHRO SOLUTIONZ,IN-HOUSE,Synchro Solutionz,,true,Honda B,,B series synchro|B18 integra synchro ls|B18b synchros|Ls synchros,2,195,215,false,0,,true,1,78,STUB,2,,2024-10-20
7439713402949,b-series-brass-synchro-kit-b16-gsr-itr,B Series Brass Synchro Kit B16 Gsr Itr,SYNCHRO SOLUTIONZ,IN-HOUSE,Synchro Solutionz,,true,Honda K + Honda B,,B series synchro|B16 synchros|B18 synchros|Civic si synchros|Gsr synchros,2,245,265,false,0,,true,2,77,STUB,2,,2024-10-20
7439713108037,b-series-fwd-reverse-synchro-54mm,B Series Fwd Reverse Synchro 54mm,SYNCHRO SOLUTIONZ,IN-HOUSE,Synchro Solutionz,,true,Honda B,,B series reverse synchro|B16 reverse synchro,1,40,40,false,0,,true,1,41,STUB,1,,2024-10-20
7439712976965,b-series-single-cone-synchro-54mm,B Series Single Cone Synchro 54mm,SYNCHRO SOLUTIONZ,IN-HOUSE,Synchro Solutionz,,true,Honda B,,,1,45,45,false,0,,true,1,89,STUB,1,,2024-10-20
7439712813125,b-h-series-single-cone-3-4-synchros-60mm,B/H Series Single Cone 3-4 Synchro 60mm,SYNCHRO SOLUTIONZ,IN-HOUSE,Synchro Solutionz,,true,Honda H/F,,,1,45,45,false,0,,true,1,76,STUB,1,,2024-10-20
7439712649285,b-d-series-1-2-single-cone-synchro,B/H Series 1-2 Single Cone Synchro,SYNCHRO SOLUTIONZ,IN-HOUSE,Synchro Solutionz,,true,Honda H/F,,,1,45,45,false,0,,true,1,110,STUB,1,,2024-10-20
7439712288837,b-h-series-single-cone-synchro-1-2,B/H Series Single Cone Synchro 1-2 65mm,SYNCHRO SOLUTIONZ,IN-HOUSE,Synchro Solutionz,,true,Honda B + Honda H/F,,B16 synchro|B20 synchro|H22 synchro,1,45,45,false,0,,true,1,98,STUB,1,,2024-10-20
7439712256069,honda-b-h-series-1-2-synchro-dual-cone-synchro,Honda B/H Series 1-2 Synchro Dual Cone,SYNCHRO SOLUTIONZ,IN-HOUSE,Synchro Solutionz,,true,Honda B + Honda H/F,,B awd synchro|B16 synchro|H22 synchro,1,55,55,false,0,,true,1,88,STUB,1,,2024-10-20
7439712223301,b-series-brass-synchro-kit-1-4,B Series Brass Synchro Kit 1-4,SYNCHRO SOLUTIONZ,IN-HOUSE,Synchro Solutionz,,true,Honda B + Honda H/F,,B series synchro|B16|Brass synchros|H22 synchros,1,220,220,false,0,,true,1,151,THIN,1,,2024-10-20
7439712026693,b-series-awd-h22-synchros-kit,B Series Awd/Accord Euro Synchro 1-4 Kit,SYNCHRO SOLUTIONZ,IN-HOUSE,Synchro Solutionz,,true,Honda B + Honda H/F,,Accord synchro|B awd synchro|B series synchro|B20 synchro|H22 synchro|Honda synchro,1,225,225,false,0,,true,2,133,THIN,1,,2024-10-20
7436202377285,pulsar-turbos,PULSAR TURBOS,PULSAR,RESOLD,PULSAR,,false,Unclassified,,6266|6466|6766|PULSAR,33,750,1540,false,0,,true,1,276,THIN,33,ALL-CAPS,2024-10-12
7436132188229,b58-6-port-top-mount-turbo-manifold,B58 6 Port Top Mount Turbo Manifold Supra,Syperformance,IN-HOUSE,SYPerformance,,true,B58/BMW-Toyota,,A90 supra top mount|B58|B58 6 port|B58 supra|B58 supra top mount turbo manifold|B58 top mount|B58 turbo flange|B58 turbo manifold|Mk5 supra top mount turbo manifold|Supra top mount|Supra top mount turbo manifold,1,1825,1825,true,27,2495.00,true,10,398,THIN,1,,2024-10-12
7430774292549,vertical-flow-intercooler,Vertical Flow Intercooler,Syperformance,IN-HOUSE,SYPerformance,,true,Unclassified,,Dual intercooler|Same side intercooler|Speedfactory intercooler|Speedfactory vertical intercooler|Vertical flow intercooler,2,495,695,false,0,,true,1,103,STUB,2,,2024-10-01
7131831238725,copy-of-evo-8-9-intercooler-kit-stock-frame-turbo,Evo 7/8/9 Intercooler and Upper Pipe Kit,Syperformance,IN-HOUSE,SYPerformance,,true,Evo 8/9,,Evo 8 intercooler|Evo intercooler,28,1100,1625,false,0,,true,4,449,OK,28,,2024-04-08
7357252436037,b58-crank-case-vent-fitting-ccv,B58 Crank Case Vent Fitting (ccv),Syperformance,UNKNOWN,SYPerformance,vendor=SYP but title is not a known in-house part family - owner must confirm,false,B58/BMW-Toyota,,B58 ccv|B58 crank case|B58 crank case fitting -6an|B58 crank case vent,2,25,35,false,0,,true,3,58,STUB,2,,2024-07-07
7357215604805,b58-turbo-coolant-feed-fitting,B58 Turbo Coolant Feed Fitting,Syperformance,IN-HOUSE,SYPerformance,,true,B58/BMW-Toyota,,B58 -6an water feed|B58 turbo feed fittings|B58 water cooled fittings|B58 water fitting,2,25,35,false,0,,true,3,112,STUB,2,,2024-07-06
7357212852293,b58-stock-frame-turbo-charge-pipe-flange,B58 Stock Frame Turbo Charge Pipe Flange,Syperformance,IN-HOUSE,SYPerformance,,true,B58/BMW-Toyota,,B58 charge pipe flange|B58 turbo flange,1,50,50,false,0,,true,1,91,STUB,1,,2024-07-06
7357210329157,2020-2024-a90-supra-carbon-fiber-fenders,2020-2024 A90 Supra Carbon Fiber Fenders,Syperformance,UNKNOWN,SYPerformance,vendor=SYP but title is not a known in-house part family - owner must confirm,false,B58/BMW-Toyota,Fenders,A90 supra carbon fiber fenders|A90 supra evs fenders|A90 supra fenders|A91 supra carbon fiber fenders|A91 supra fenders|Evs carbon fiber fenders|Evs fenders|supra carbon fiber fenders|Supra evs fenders,1,450,450,true,31,650.00,true,5,87,STUB,1,,2024-07-06
7357188014149,2020-2024-a90-supra-carbon-fiber-trunk-spoiler,2020-2024 A90 Supra Carbon Fiber Trunk Spoiler,Syperformance,UNKNOWN,SYPerformance,vendor=SYP but title is not a known in-house part family - owner must confirm,false,B58/BMW-Toyota,,A90 supra carbon fiber|A90 supra carbon fiber spoiler|A90 supra carbon fiber trd spoiler|A90 supra forged carbon fiber spoiler|A90 supra rexspeed|A90 supra rexspeed spoiler|A90 supra spoiler|A90 supra trd spoiler|Rexspeed,4,325,375,false,0,,true,10,221,THIN,4,,2024-07-06
7357184376901,2020-2024-a90-supra-carbon-door-guard-trim,2020-2024 A90 Supra Carbon Door Guard Trim,Syperformance,UNKNOWN,SYPerformance,vendor=SYP but title is not a known in-house part family - owner must confirm,false,B58/BMW-Toyota,,A90 supra carbon fiber door trim|A90 supra door guard|A90 supra door trim|A90 supra rexspeed|A90 supra trd|A90 surpa forged carbon|Supra carbon fiber|Supra door guards|Supra door trim,1,350,350,true,22,450.00,true,2,383,THIN,1,,2024-07-06
7342171717701,b58-turbo-oil-drain-10an,B58 Turbo Oil Drain -10an,Syperformance,UNKNOWN,SYPerformance,vendor=SYP but title is not a known in-house part family - owner must confirm,false,B58/BMW-Toyota,,A90 supra oil drain|B58 -10an drain|B58 oil drain|B58 oil fitting,1,60,60,false,0,,true,2,48,STUB,1,,2024-06-26
7342167752773,b58-oil-feed-4an,B58 Oil Feed -4an,Syperformance,UNKNOWN,SYPerformance,vendor=SYP but title is not a known in-house part family - owner must confirm,false,B58/BMW-Toyota,,A90 supra oil feed|B58 oil feed|B58 turbo oil feed|Oil feed b58|Supra oil feed,1,30,30,false,0,,true,2,36,STUB,1,,2024-06-26
7337107652677,b58-6-port-cnc-turbo-flanges,B58 6 Port Cnc Turbo Flanges,Syperformance,IN-HOUSE,SYPerformance,,true,B58/BMW-Toyota,,B58 6 port|B58 flange|B58 turbo flange|B58 turbo manifold|B58 turbo manifold flange,2,375,375,true,24,495.00,true,5,233,THIN,2,,2024-06-22
7330119090245,k-series-bottom-mount-ram-horn-turbo-manifold,K Series Bottom Mount RamHorn Turbo Manifold FA5/FG2,Syperformance,IN-HOUSE,SYPerformance,,true,Honda K,,Civic si turbo manifold|Fg2 turbo|k series ramhorn|Ramhorn,4,1100,1100,false,0,,true,4,247,THIN,4,,2024-06-15
7199814713413,evo-7-8-9-bottom-mount-turbo-kit,Evo 7/8/9 Bottom Mount Turbo Kit,syperformance,UNKNOWN,SYPerformance,vendor=SYP but title is not a known in-house part family - owner must confirm,false,Evo 8/9,Turbo kit,Evo 7 turbo kit|Evo 8 turbo kit|Evo 9 turbo kit|Evo bottom mount|Evo bottom mount turbo kit|Evo turbo kit,15,4400,5850,false,0,,true,4,878,OK,15,,2024-04-24
7156467826757,synchro-solutionz-k-series-reverse-gear,Synchro Solutionz K Series Reverse Gear,synchro solutionz,IN-HOUSE,Synchro Solutionz,,true,Honda K,,K series reverse gear|Reverse gear,1,125,125,false,0,,true,1,75,STUB,1,,2024-04-15
7150980530245,turbo-vband-inlet-flanges,Turbo Vband Inlet Flanges,Syperformance,IN-HOUSE,SYPerformance,,true,Universal / fab,,Turbo flange|Turbo vband|Vband inlet flange,4,30,30,false,0,,true,6,58,STUB,4,,2024-04-13
7150404763717,evo-7-8-9-forward-facing-turbo-kit-1,Evo 7/8/9 Forward Facing Turbo Kit,syperformance,UNKNOWN,SYPerformance,vendor=SYP but title is not a known in-house part family - owner must confirm,false,Evo 8/9,Turbo kit,Evo 7 turbo kit|Evo 8 forward facing turbo kit|Evo 8 turbo kit|Evo 9 forward facing|Evo 9 turbo kit|Evo forward facing|Evo turbo kit|Forward facing turbo kit,12,4400,4800,false,0,,true,6,793,OK,12,,2024-04-13
7137544208453,evo-7-8-9-forward-facing-turbo-kit-up-pipes,Evo 7/8/9 Forward Facing Turbo Kit Up Pipes,syperformance,UNKNOWN,SYPerformance,vendor=SYP but title is not a known in-house part family - owner must confirm,false,Evo 8/9,Hot parts,Evo 7 turbo kit|Evo 8 top mount|Evo 8 turbo kit|Evo 9 top mount|Evo 9 turbo kit|Evo top mount turbo kit|Evo turbo kit,9,4300,4600,false,0,,true,3,729,OK,9,,2024-04-10
7131867807813,evo-7-8-9-vband-top-mount-up-pipe-turbo-kit,Evo 7/8/9 Vband Top Mount Up Pipe Turbo Kit,syperformance,IN-HOUSE,SYPerformance,,true,Evo 8/9,Hot parts,Evo 7 turbo kit|Evo 8 top mount|Evo 8 turbo kit|Evo 9 top mount|Evo 9 turbo kit|Evo top mount turbo kit|Evo turbo kit,9,4400,4600,false,0,,true,5,553,OK,9,,2024-04-09
7131848015941,evo-7-8-9-vband-top-mount-turbo-kit,Evo 7/8/9 Vband Top Mount Turbo Kit,syperformance,IN-HOUSE,SYPerformance,,true,Evo 8/9,Hot parts,Evo 7 turbo kit|Evo 8 top mount|Evo 8 turbo kit|Evo 9 top mount|Evo 9 turbo kit|Evo top mount turbo kit|Evo turbo kit,12,4600,4850,false,0,,true,11,693,OK,12,,2024-04-09
7131847163973,evo-7-8-9-lower-intercooler-pipe-stock-frame-location,Evo 7/8/9 Lower Intercooler Pipe Stock Frame Location,Syperformance,IN-HOUSE,SYPerformance,,true,Evo 8/9,,Evo licp|Evo lower intercooler pipe|Licp|Lower intercooler pipe,1,180,180,false,0,,true,2,149,THIN,1,,2024-04-09
7131844608069,evo-7-8-9-upper-intercooler-pipe-kit,Evo 7/8/9 Upper Intercooler Pipe Kit,Syperformance,IN-HOUSE,SYPerformance,,true,Evo 8/9,,Evo uicp|Evo upper intercooler piping|Piping,27,375,775,false,0,,true,3,439,OK,27,,2024-04-08
7131827961925,copy-of-evo-7-8-9-down-pipe-stock-frame-stock-location,Evo 7/8/9 Down Pipe Stock Frame Stock Location Hot Parts,syperformance,IN-HOUSE,SYPerformance,,true,Evo 8/9,,Evo 8 downpipe|Evo down pipe|Evo downpipe|Lancer evolution down pipe,4,1900,2000,false,0,,true,5,354,THIN,4,,2024-04-08
7110621954117,evo-7-8-9-down-pipe-stock-frame-stock-location,Evo 7/8/9 Down Pipe Stock Frame Stock Location,syperformance,UNKNOWN,SYPerformance,vendor=SYP but title is not a known in-house part family - owner must confirm,false,Evo 8/9,,Evo 8 downpipe|Evo down pipe|Evo downpipe|Lancer evolution down pipe,4,785,900,false,0,,true,3,285,THIN,4,,2024-03-30
7110596329541,k-series-synchro-solutions-synchro-springs-set,K Series Synchro Solutionz Synchro Springs Set,BF GEARS USA,IN-HOUSE,Synchro Solutionz,,true,Honda K,synchro springs,,1,55,55,false,0,,true,1,15,STUB,1,,2024-03-30
7110596296773,k-series-synchro-solutions-oem-spec-sliders,K Series Synchro Solutionz Oem Spec Sliders,SYNCHRO SOLUTIONZ,IN-HOUSE,Synchro Solutionz,,true,Honda K,sliders,,4,100,340,false,0,,true,4,16,STUB,4,,2024-03-30
7110596198469,k-series-synchro-solutions-oem-spec-hubs,K Series Synchro Solutionz Oem Spec Hubs,synchro solutions,IN-HOUSE,Synchro Solutionz,,true,Honda K,hubs,,4,50,160,false,0,,true,4,65,STUB,4,,2024-03-30
7110596100165,k-series-synchro-solutions-carbon-synchro-kit,K Series Synchro Solutionz Synchro Kits,synchro solutions,IN-HOUSE,Synchro Solutionz,,true,Honda K,synchros,,8,240,350,false,0,,true,12,273,THIN,8,,2024-03-30
7110595838021,k-series-synchro-solutions-carbon-synchro,K Series Synchro Solutionz Synchros,synchro solutions,IN-HOUSE,Synchro Solutionz,,true,Honda K,carbon synchros,,6,40,72,false,0,,true,13,238,THIN,6,,2024-03-30
7110595608645,k-series-synchro-solutions-6spd-1-4-kits-1,K Series Synchro Solutionz 1-4 Kits-No Bearings/Seals,synchro solutions,IN-HOUSE,Synchro Solutionz,,true,Honda K,rebuild kit sliders,,8,450,575,false,0,,true,2,228,THIN,8,,2024-03-30
7110595575877,k-series-synchro-solutions-6spd-1-4-kits,K Series Synchro Solutionz 6spd 1-4 Kits,SYNCHRO SOLUTIONZ,IN-HOUSE,Synchro Solutionz,,true,Honda K,rebuild kit hubs sliders,Carbon synchro|Carbon synchros|Civic si|Hubs|K20|Rsx|Sliders|Synchros,8,600,720,false,0,,true,6,265,THIN,8,,2024-03-30
7110595379269,k-series-synchro-solutions-5-6-kit,K Series Synchro Solutionz 5-6 Kit,synchro solutions,IN-HOUSE,Synchro Solutionz,,true,Honda K,5-6 hub slider synchro,,12,175,270,false,0,,true,5,218,THIN,12,,2024-03-30
7110595248197,k-series-synchro-solutions-3-4-kit,K Series Synchro Solutionz 3-4 Kit,synchro solutions,IN-HOUSE,Synchro Solutionz,,true,Honda K,hubs sliders synchros,,8,185,275,false,0,,true,4,204,THIN,8,,2024-03-30
7110595084357,k-series-synchro-solutions-1-6-rebuild-kit-no-bearings-seals,K Series 6spd Synchro Solutionz 1-6 Kit- No Bearings/Seals,SYNCHRO SOLUTIONZ,IN-HOUSE,Synchro Solutionz,,true,Honda K,syncros hubs sliders,Carbon synchros|Civic si|Hubs|K20|Rsx|Sliders|Synchros,8,435,555,false,0,,true,6,273,THIN,8,,2024-03-30
7110594986053,k-series-synchro-solutions-1-6-rebuild-kit,K Series 6spd Synchro Solutionz 1-6 Rebuild Kit,SYNCHRO SOLUTIONZ,IN-HOUSE,Synchro Solutionz,,true,Honda K,synchro rebuild,Brass synchros|Carbon|Carbon synchro|Carbon synchros|Civic si|Civic si rebuild|Civic si synchros|Civic synchros|Hubs|K20|K20 brass synchros|K20 carbon synchros|K20 synchros|K24|K24 synchros|Rsx|Rsx rebuild|Rsx synchros|Sliders|Synchros|Synchrotech|Tsx synchro|Tsx synchros,8,785,825,false,0,,true,6,301,THIN,8,,2024-03-30
7110594854981,k-series-synchro-solutions-1-6-full-refresh-kit,K Series 6spd Synchro Solutionz 1-6 Full Refresh Kit,SYNCHRO SOLUTIONZ,IN-HOUSE,Synchro Solutionz,,true,Honda K,synchros hubs sliders kit,Carbon synchro|Civic si|Hubs|K20|Rsx|Sliders|Synchros,8,635,675,false,0,,true,5,300,THIN,8,,2024-03-30
7110594756677,k-series-synchro-solutions-1-2-kit,K Series Synchro Solutionz 1-2 Kit,synchro solutions,IN-HOUSE,Synchro Solutionz,,true,Honda K,hub slider synchro,,4,265,345,false,0,,true,4,242,THIN,4,,2024-03-30
7110594658373,k-series-collars,K Series Collars,SYNCHRO SOLUTIONZ,IN-HOUSE,Synchro Solutionz,,true,Honda K,,Collar|Distance collar,5,15,85,false,0,,true,3,142,THIN,5,,2024-03-30
7110594560069,k-series-5spd-synchro-solutions-kit,K Series 5spd Synchro Solutionz Kit,SYNCHRO SOLUTIONZ,IN-HOUSE,Synchro Solutionz,,true,Honda K,synchros hubs sliders,Hubs|Sliders|Synchros,16,435,775,false,0,,true,6,308,THIN,16,,2024-03-30
7110594461765,honda-lsd-b16-fwd-k-awd-fwd-b-awd,"Honda LSD B16 FWD, K AWD/FWD, B AWD",SYNCHRO SOLUTIONZ,IN-HOUSE,Synchro Solutionz,,true,Honda K + Honda B,,Awd|B series lsd|B16|B16 lsd|B20|Differential|K swap lsd|K20|K20 lsd|K24|K24 lsd|Limited slip|Lsd|Rsx lsd,3,625,695,false,0,,true,3,105,STUB,3,,2024-03-30
7110594396229,honda-k-series-vss-speedo-ring,Honda K Series VSS Speedo Ring,SYNCHRO SOLUTIONZ,IN-HOUSE,Synchro Solutionz,,true,Honda K,,Speedo|Vss|Vss ring,1,115,115,false,0,,false,2,30,STUB,1,,2024-03-30
7110594330693,honda-k-series-seals-kit,Honda K Series Seals Kit,honda,RESOLD,honda,,false,Honda K,seals,91205-PL3-B01|91206-PHR-003|91216-PG1-005|K20 seals|Transmission,1,55,55,false,0,,true,1,68,STUB,1,,2024-03-30
7110594199621,honda-k-series-bearings-kit,Honda K Series Bearings Kit,honda,RESOLD,honda,,false,Honda K,bearing kit,91001-PPP-005|91002-RAS-003|91003-PPP-004|91004-PPP-014|Bearings,4,265,320,false,0,,true,2,225,THIN,4,,2024-03-30
7110594134085,honda-b-k-differential-bearing-kit,Honda B/K Differential Bearing Kit,SYNCHRO SOLUTIONZ,IN-HOUSE,Synchro Solutionz,,true,Honda K + Honda B,differential bearings,B16|Civic|Diff|Honda|K20|Rsx,1,55,55,false,0,,true,1,21,STUB,1,,2024-03-30
7110566477893,walbro-fuel-pump,Walbro Fuel Pump,Syperformance,RESOLD,Walbro,,false,Unclassified,,Fuel pump|Walbro,4,125,195,false,0,,true,2,84,STUB,4,,2024-03-30
7110565003333,koyo-radiator-lancer-evolution,Koyo Radiator Lancer Evolution,Koyo,RESOLD,Koyo,,false,Unclassified,,Evo Radiator|Lancer evolution radiator|Radiator,1,405,405,false,0,,true,1,705,OK,1,,2024-03-30
7105788969029,syp-k-series-fuel-rail,Syp K Series Fuel Rail,syperformance,UNKNOWN,SYPerformance,vendor=SYP but title is not a known in-house part family - owner must confirm,false,Honda K,Fuel rail,Fuel fittings|Fuel lines|Fuel rail|Fuel system,2,95,95,false,0,,true,1,176,THIN,2,SYP-abbrev,2024-03-29
7100508307525,lancer-evolution-7-8-9-intercooler,Lancer Evolution 7/8/9 Intercooler,syperformance,IN-HOUSE,SYPerformance,,true,Evo 8/9,Intercooler,Evo 8 intercooler|Evo 9 intercooler|Evo intercooler,2,750,750,false,0,,true,3,218,THIN,2,,2024-03-26
7082645192773,dual-backdoor-intercooler,Dual Backdoor Intercooler,SYP,IN-HOUSE,SYPerformance,,true,Unclassified,,Intercooler|Intercooler backdoor,12,650,825,false,0,,true,6,324,THIN,12,,2024-03-15
7077090984005,universal-intercooler-800-1000hp,Universal Intercooler 800-1000hp,syperformance,IN-HOUSE,SYPerformance,,true,Universal / fab,Intercooler,Air|Front mount|Intercooler|Side to side intercooler,1,575,575,false,0,,true,1,201,THIN,1,,2024-03-11
7074386509893,toyota-supra-a90-bmw-z4-b58-3-0l-turbo-cold-air-intake-system,Toyota Supra A90 BMW Z4 (B58 3.0l turbo) Cold Air Intake System,Syperformance,UNKNOWN,SYPerformance,vendor=SYP but title is not a known in-house part family - owner must confirm,false,B58/BMW-Toyota,,A90|A90 supra|A90 supra intake|B58|B58 intake|B58 supra|Bmw b58|Bmw z4 intake,1,365,365,false,0,,true,1,252,THIN,1,mixed-case-inconsistent,2024-03-08
7074378514501,b58-supra-bmw-port-injection,B58 Supra/Bmw Port Injection,Syperformance,UNKNOWN,SYPerformance,vendor=SYP but title is not a known in-house part family - owner must confirm,false,B58/BMW-Toyota,,A90 supra|B58 injectors|B58 port injection|Bmw port injection|Bmw z4|Port injection,7,500,1785,false,0,,true,2,937,OK,7,,2024-03-08
7074372288581,b58-supra-bmw-charge-pipe-kit,B58 Supra/Bmw Charge Pipe Kit,Syperformance,IN-HOUSE,SYPerformance,,true,B58/BMW-Toyota,,A90 supra|B58|B58 charge pipe|B58 supra|Bmw b58|Bmw charge pipe|Bmw z4,1,265,265,false,0,,true,1,379,THIN,1,,2024-03-08
7071702483013,b58-downpipe-bmw-supra,B58 Downpipe Toyota Supra A90/A91,Syperformance,IN-HOUSE,SYPerformance,,true,B58/BMW-Toyota,,3.0l|A90|A90 supra|A90 supra downpipe|B58|Bmw|Bmw downpipe|Supra|Supra downpipe,4,225,400,true,24,295.00,true,3,858,OK,4,,2024-03-07
7051465752645,honda-k-series-custom-turbo-manifold,Honda K Series Custom Turbo Manifold,Syperformance,IN-HOUSE,SYPerformance,,true,Honda K,,Kswap|Lotus|Nsx,5,925,925,false,0,,true,4,231,THIN,5,,2024-02-18
7051346280517,honda-k-series-rwd-forward-facing-manifold,Honda K Series Rwd Forward Facing Manifold,Syperformance,IN-HOUSE,SYPerformance,,true,Honda K,,K series rwd|K swap brz|K20 rwd|Kswap frs|Rwd turbo manifold,18,1175,1300,false,0,,true,8,233,THIN,18,,2024-02-17
7051333566533,b-series-hydro-500hp-billet-halfshaft,B Series Hydro Billet Halfshaft,Syperformance,IN-HOUSE,SYPerformance,,true,Honda B,,500hp halfshaft|700hp halfshaft|B series|B series halfshaft|B16 halfshaft|B18 halfshaft|Civic halfshaft|Civic intermediate bar|Halfshaft|Integra halfshaft,1,375,375,false,0,,true,1,93,STUB,1,,2024-02-17
7051329077317,k-series-single-lobe-billet-rockers,K Series Single Lobe Billet Rockers,syperformance,IN-HOUSE,SYPerformance,,true,Honda K,,Rockers|Single lobe|Single lobe rockers|Vtec killer|Vtec killer rockers,1,795,795,true,5,835.00,true,3,98,STUB,1,,2024-02-17
7051326947397,honda-k-series-oem-2nd-gear-type-s,Honda K Series Oem 2nd Gear Type S,Syperformance,UNKNOWN,SYPerformance,vendor=SYP but title is not a known in-house part family - owner must confirm,false,Honda K,,2nd gear|Oem,1,205,205,false,0,,true,1,33,STUB,1,,2024-02-17
7032034787397,flush-mount-hood-pins,Flush Mount Hood Pins,Syperformance,UNKNOWN,SYPerformance,vendor=SYP but title is not a known in-house part family - owner must confirm,false,Unclassified,,Hood pins,1,55,55,false,0,,true,1,0,EMPTY,1,,2024-01-26
7024719986757,mickey-thompson-radials,Mickey Thompson Radials,Syperformance,RESOLD,Mickey Thompson,,false,Unclassified,,Drag radials|Skinnies|Tires,5,250,300,false,0,,true,1,0,EMPTY,5,,2024-01-21
7024711729221,aem-400lph-inline-fuel-pump,Aem 400lph Inline Fuel Pump,Syperformance,RESOLD,Aem,,false,Unclassified,,Aem|Fuel pump,1,165,165,false,0,,true,1,0,EMPTY,1,,2024-01-21
7024711663685,aem-150-psi-sensors,Aem 150 psi sensors,Syperformance,RESOLD,Aem,,false,Unclassified,,Pressure sensor,1,72,72,false,0,,true,1,0,EMPTY,1,,2024-01-21
7024711434309,aem-smart-coil,Aem Smart Coil,Syperformance,RESOLD,Aem,,false,Unclassified,,Aem coils,1,75,75,false,0,,true,1,0,EMPTY,1,,2024-01-21
7024709861445,vibrant-mufflers,Vibrant Mufflers,Syperformance,RESOLD,Vibrant,,false,Unclassified,,Muffler|Vibrant,2,150,160,false,0,,true,2,39,STUB,2,,2024-01-21
7024709435461,vibrant-resonators,Vibrant Resonators,Syperformance,RESOLD,Vibrant,,false,Unclassified,,Resonator,3,76,134,false,0,,true,1,13,STUB,3,,2024-01-21
7024707534917,vacuum-block,Vacuum block,Syperformance,UNKNOWN,SYPerformance,vendor=SYP but title is not a known in-house part family - owner must confirm,false,Unclassified,,,1,50,50,false,0,,true,1,0,EMPTY,1,,2024-01-21
7024698622021,street-series-ii-plus-coilovers-92-00-civic-94-01-integra,STREET SERIES II PLUS COILOVERS - 92-00 CIVIC / 94-01 INTEGRA,Syperformance,UNKNOWN,SYPerformance,vendor=SYP but title is not a known in-house part family - owner must confirm,false,Unclassified,,Coilovers,1,765,765,false,0,,true,1,0,EMPTY,1,ALL-CAPS,2024-01-21
7024695115845,traction-bar-kit-92-00-civic-94-01-integra,TRACTION BAR KIT - 92-00 CIVIC / 94-01 INTEGRA,Syperformance,UNKNOWN,SYPerformance,vendor=SYP but title is not a known in-house part family - owner must confirm,false,Unclassified,,Traction bar,1,325,325,false,0,,true,1,0,EMPTY,1,ALL-CAPS,2024-01-21
7024688496709,billet-throttle-body-v2-honda-b-d-f-h-series-70mm-72mm-74mm-76mm,BILLET THROTTLE BODY V2 - HONDA B/D/F/H-SERIES - 70MM/72MM/74MM/76MM,Syperformance,IN-HOUSE,SYPerformance,,true,Honda H/F,,Throttle body,8,270,270,false,0,,true,1,0,EMPTY,8,ALL-CAPS,2024-01-21
7024685383749,competition-series-qr-s2000-clutch-master-cylinder,COMPETITION SERIES QR S2000 CLUTCH MASTER CYLINDER,Syperformance,UNKNOWN,SYPerformance,vendor=SYP but title is not a known in-house part family - owner must confirm,false,Honda H/F,,Clutch master cylinder,2,125,155,false,0,,true,2,0,EMPTY,2,ALL-CAPS,2024-01-21
7024682172485,tuner-series-throttle-body-honda-b-d-f-h-series,TUNER SERIES THROTTLE BODY - HONDA B/D/F/H-SERIES,Syperformance,UNKNOWN,SYPerformance,vendor=SYP but title is not a known in-house part family - owner must confirm,false,Honda H/F,,Blox|Throttle body,1,130,130,false,0,,true,1,0,EMPTY,1,ALL-CAPS,2024-01-21
7024680042565,rear-camber-kit-88-00-civic-90-01-integra,REAR CAMBER KIT - 88-00 CIVIC / 90-01 INTEGRA,Syperformance,UNKNOWN,SYPerformance,vendor=SYP but title is not a known in-house part family - owner must confirm,false,Unclassified,,Blox|Camber kit,1,125,125,false,0,,true,1,0,EMPTY,1,ALL-CAPS,2024-01-21
7024677060677,blox-radiator-92-00-civic-integra,Blox Radiator 92-00 Civic/Integra,Syperformance,RESOLD,Blox,,false,Unclassified,,Radiator,1,172,172,false,0,,true,1,0,EMPTY,1,,2024-01-21
7024664379461,deatschwerks-fuel-pressure-regulators-6-1002-frb,DeatschWerks Fuel Pressure Regulators 6-1002-FRB,Syperformance,RESOLD,DeatschWerks,,false,Unclassified,,Fuel regulator,1,129,129,false,0,,true,1,146,THIN,1,,2024-01-21
7024658350149,drag-pro-series-coilovers-92-00-civic-eg-ek-94-01-integra-dc,DRAG PRO+ SERIES COILOVERS - 92-00 CIVIC EG EK / 94-01 INTEGRA DC,Syperformance,UNKNOWN,SYPerformance,vendor=SYP but title is not a known in-house part family - owner must confirm,false,Unclassified,,Blox|Coilovers,1,995,995,false,0,,true,1,1524,OK,1,ALL-CAPS,2024-01-21
7024654286917,competition-series-coilovers-92-00-civic-94-01-integra,COMPETITION SERIES COILOVERS - 92-00 CIVIC / 94-01 INTEGRA,Blox,RESOLD,Blox,,false,Unclassified,,Drag coilovers,1,755,755,false,0,,true,1,934,OK,1,ALL-CAPS,2024-01-21
7024645210181,blox-drag-series-full-coilovers-92-00-honda-civic-94-01-integra-excl-integra-type-r,BLOX DRAG SERIES FULL COILOVERS 92-00 HONDA CIVIC 94-01 INTEGRA (EXCL INTEGRA TYPE R),Blox,RESOLD,BLOX,,false,Unclassified,,Blox|Drag coilovers,1,875,875,false,0,,true,2,478,OK,1,ALL-CAPS,2024-01-21
7024285089861,rsx-oem-spec-shifter-cables,Rsx Oem Spec Shifter Cables,Syperformance,UNKNOWN,SYPerformance,vendor=SYP but title is not a known in-house part family - owner must confirm,false,Honda K,,Shifter cables,1,200,200,false,0,,true,1,0,EMPTY,1,,2024-01-21
7024280797253,92-00-honda-civic-2dr-quick-release-hood-hinges,92-00 Honda Civic 2dr Quick Release Hood Hinges,Syperformance,UNKNOWN,SYPerformance,vendor=SYP but title is not a known in-house part family - owner must confirm,false,Unclassified,,Hood hinges|Quick release hood,2,65,65,false,0,,true,2,0,EMPTY,2,,2024-01-21
7024277848133,honda-insane-shaft-swap-axles,Honda Insane Shaft Swap Axles,Syperformance,UNKNOWN,SYPerformance,vendor=SYP but title is not a known in-house part family - owner must confirm,false,Honda K,,K swap axles,14,500,1280,false,0,,true,1,0,EMPTY,14,,2024-01-21
7024271818821,alternator-relocation-kit-k-series,Alternator Relocation Kit K Series,Syperformance,UNKNOWN,SYPerformance,vendor=SYP but title is not a known in-house part family - owner must confirm,false,Honda K,,Ac ps delete|Relocation,1,145,145,false,0,,true,1,0,EMPTY,1,,2024-01-21
7024262217797,honda-k-series-billet-lower-timing-chain-guide,HONDA K SERIES BILLET LOWER TIMING CHAIN GUIDE,Syperformance,IN-HOUSE,SYPerformance,,true,Honda K,,Chain guide,1,35,35,false,0,,true,2,0,EMPTY,1,ALL-CAPS,2024-01-21
7023831089221,injector-dynamics-injectors,Injector Dynamics Injectors,Syperformance,RESOLD,Injector Dynamics,,false,Unclassified,,Injectors,8,545,8945,false,0,,true,1,0,EMPTY,8,,2024-01-20
7023820243013,fuel-injector-clinic-injectors,Fuel Injector Clinic Injectors,FIC,RESOLD,Fuel Injector Clinic,,false,Unclassified,,Fic|Fuel injector clinic|Injectors,20,460,910,false,0,,true,1,30,STUB,20,,2024-01-20
7023820046405,triple-disc-comp-clutch,Comp 1 Triple Disc Clutch,Competition Clutch,IN-HOUSE,Comp 1 Clutch,,true,Honda K,,Comp 1|Comp1|Comp1 clutch|Competition clutch|K20|Triple disc,6,1599,1799,false,0,,true,1,278,THIN,6,,2024-01-20
7023819587653,twin-disk-clutch-comp-clutch,Comp 1 Twin Disc Clutch,Competition Clutch,IN-HOUSE,Comp 1 Clutch,,true,Unclassified,,Clutch|Comp clutch|Comp1|Comp1 clutch|Competition clutch|Twin disk,9,1399,1599,false,0,,true,1,12,STUB,9,,2024-01-20
7023819096133,competition-clutch-kits-single-disk,Competition Clutch Kits-Single Disk,Competition Clutch,RESOLD,Competition Clutch,,false,Unclassified,,Clutch|Comp clutch,16,160,895,false,0,,true,1,11,STUB,16,,2024-01-20
7023817392197,flywheels,Flywheels,Syperformance,UNKNOWN,SYPerformance,vendor=SYP but title is not a known in-house part family - owner must confirm,false,Unclassified,,Flywheel,4,275,475,false,0,,true,2,14,STUB,4,,2024-01-20
7023815655493,honda-k-series-type-s-tucked-engine-harness,HONDA K Series Type S Tucked Engine Harness,Syperformance,UNKNOWN,SYPerformance,vendor=SYP but title is not a known in-house part family - owner must confirm,false,Honda K,,K series engine harness,1,450,450,false,0,,true,1,511,OK,1,,2024-01-20
7023815032901,hondata-kpro-v4,Hondata Kpro V4,Syperformance,RESOLD,Hondata,,false,Unclassified,,Hondata kpro,4,1125,1225,false,0,,true,5,695,OK,4,,2024-01-20
7023814410309,02-04-rsx-to-05-06-vss-jumper-harness,02-04 rsx to 05-06 VSS Jumper Harness,Syperformance,UNKNOWN,SYPerformance,vendor=SYP but title is not a known in-house part family - owner must confirm,false,Honda K,,Vss jumper,1,45,45,false,0,,true,1,45,STUB,1,mixed-case-inconsistent,2024-01-20
7023812673605,pte-turbos,PTE Turbos,syperformance,UNKNOWN,SYPerformance,vendor=SYP but title is not a known in-house part family - owner must confirm,false,Unclassified,,Pte turbo,15,1150,2800,false,0,,true,1,16,STUB,15,,2024-01-20
7023758049349,aem-wideband,Aem wideband,Syperformance,RESOLD,Aem,,false,Unclassified,,,1,199,199,false,0,,true,1,112,STUB,1,,2024-01-20
7023738585157,coolant-overflow-tank,Coolant Overflow Tank,Syperformance,IN-HOUSE,SYPerformance,,true,Unclassified,,Overflow,1,155,155,false,0,,true,1,93,STUB,1,,2024-01-20
7023734980677,honda-k-series-coolant-fill-necks,Honda K Series Coolant Fill Necks,Syperformance,IN-HOUSE,SYPerformance,,true,Honda K,,Coolant fill neck,4,165,180,false,0,,true,1,78,STUB,4,,2024-01-20
7023732260933,honda-k-series-coolant-fill-pot,Honda K Series Coolant Fill Pot,Syperformance,IN-HOUSE,SYPerformance,,true,Honda K,,Swirl pot,4,305,325,false,0,,true,1,77,STUB,4,,2024-01-20
7023705292869,honda-k-series-thermostat-heater-plug,Honda K Series Thermostat Heater Plug,Syperformance,UNKNOWN,SYPerformance,vendor=SYP but title is not a known in-house part family - owner must confirm,false,Honda K,,,1,30,30,false,0,,true,2,52,STUB,1,,2024-01-20
7023702769733,aluminum-6061-weld-on-cap-2,"Aluminum 6061 Weld On Cap 2""",Syperformance,IN-HOUSE,SYPerformance,,true,Universal / fab,,,1,40,40,false,0,,true,1,28,STUB,1,,2024-01-20
7023700607045,prb-water-housing,Prb Water Housing,Syperformance,UNKNOWN,SYPerformance,vendor=SYP but title is not a known in-house part family - owner must confirm,false,Unclassified,,Prb water neck,9,90,115,false,0,,true,2,237,THIN,9,,2024-01-20
7023686615109,honda-k-series-rbc-rbb-water-plate,HONDA K SERIES RBC/RBB WATER PLATE,Syperformance,UNKNOWN,SYPerformance,vendor=SYP but title is not a known in-house part family - owner must confirm,false,Honda K,,Rbc water plate,1,80,80,false,0,,true,1,133,THIN,1,ALL-CAPS,2024-01-20
7023674949701,pie-cuts-6pc,Pie Cuts 6pc,Syperformance,IN-HOUSE,SYPerformance,,true,Universal / fab,,Pie cuts,4,25,45,false,0,,true,1,65,STUB,4,,2024-01-20
7023668625477,titanium-studs-single,Titanium Studs Single,Syperformance,IN-HOUSE,SYPerformance,,true,Universal / fab,,Titanium studs,3,15,17,false,0,,true,1,94,STUB,3,,2024-01-20
7023664169029,syp-catch-can-overflow-combo,SYP Catch Can/Overflow Combo,Syperformance,UNKNOWN,SYPerformance,vendor=SYP but title is not a known in-house part family - owner must confirm,false,Unclassified,,Catch can|Overlow,1,300,300,false,0,,true,1,132,THIN,1,SYP-abbrev,2024-01-20
7023604072517,2-5-stainless-uj-bend,"2.5"" Stainless UJ Bend",Syperformance,UNKNOWN,SYPerformance,vendor=SYP but title is not a known in-house part family - owner must confirm,false,Unclassified,,,1,65,65,false,0,,true,1,15,STUB,1,,2024-01-20
7023587590213,turbo-flanges-t3-t4-vband,Turbo Flanges T3/T4/Vband,Syperformance,IN-HOUSE,SYPerformance,,true,Universal / fab,,Flanges,8,25,50,false,0,,true,8,148,THIN,8,,2024-01-20
7023581888581,turbo-head-flanges,Turbo Head Flanges,Syperformance,IN-HOUSE,SYPerformance,,true,Universal / fab,,Turbo head flanges,5,75,75,false,0,,true,3,33,STUB,5,,2024-01-20
7023578021957,stainless-vband-assembly,Stainless Vband Assembly,Syperformance,IN-HOUSE,SYPerformance,,true,Universal / fab,,V band,2,35,45,false,0,,true,2,9,STUB,2,,2024-01-20
7023575498821,turbo-oil-drain-line-kit,Turbo Oil Drain Line Kit,Syperformance,UNKNOWN,SYPerformance,vendor=SYP but title is not a known in-house part family - owner must confirm,false,Unclassified,,Turbo drain,8,75,85,false,0,,true,1,72,STUB,8,,2024-01-20
7023570223173,turbo-blanket,Turbo Blanket,Syperformance,UNKNOWN,SYPerformance,vendor=SYP but title is not a known in-house part family - owner must confirm,false,Unclassified,,,2,125,135,false,0,,true,1,28,STUB,2,,2024-01-20
7023568322629,turbo-oil-feed-line-kit,Turbo Oil Feed Line Kit,Syperformance,UNKNOWN,SYPerformance,vendor=SYP but title is not a known in-house part family - owner must confirm,false,Unclassified,,,9,75,75,false,0,,true,1,97,STUB,9,,2024-01-20
7023483322437,electronic-boost-controller,Electronic Boost Control Solenoid,Syperformance,UNKNOWN,SYPerformance,vendor=SYP but title is not a known in-house part family - owner must confirm,false,B58/BMW-Toyota,,2021 supra turbo kit|3 port|B58 supra,2,80,95,false,0,,true,2,18,STUB,2,,2024-01-20
7023477030981,boost-solenoid-pushloc-kit,Boost Solenoid Pushloc Kit,Syperformance,UNKNOWN,SYPerformance,vendor=SYP but title is not a known in-house part family - owner must confirm,false,Unclassified,,,1,75,75,false,0,,true,1,193,THIN,1,,2024-01-20
7023475589189,turbosmart-genv-raceport-bov,TurboSmart GenV RacePort BOV,Syperformance,RESOLD,TurboSmart,,false,Unclassified,,Blow off valve,4,320,320,false,0,,true,1,523,OK,4,,2024-01-20
7023472476229,turbosmart-genv-hypergate-14psi-external-wastegate-45mm-or-60mm-v-band,Turbosmart GenV HyperGate 14psi External Wastegate (45mm or 60mm V-Band),Syperformance,RESOLD,Turbosmart,,false,Universal / fab,,Turbosmart|Wastegate,7,475,675,false,0,,true,1,667,OK,7,,2024-01-20
7023469854789,k-series-steel-tapped-oil-pan,K Series Steel Tapped Oil Pan,Syperformance,UNKNOWN,SYPerformance,vendor=SYP but title is not a known in-house part family - owner must confirm,false,Honda K,,Tapped oil pan,1,175,175,false,0,,true,1,40,STUB,1,,2024-01-20
7023465267269,civic-integra-throttle-cable,Civic/Integra Throttle Cable,Syperformance,UNKNOWN,SYPerformance,vendor=SYP but title is not a known in-house part family - owner must confirm,false,Unclassified,,,1,40,40,false,0,,true,1,0,EMPTY,1,,2024-01-20
7023463694405,k-series-to-b-series-tps-jumper-harness,K Series to B Series Tps Jumper Harness,Syperformance,UNKNOWN,SYPerformance,vendor=SYP but title is not a known in-house part family - owner must confirm,false,Honda K + Honda B,,,1,35,35,false,0,,true,1,0,EMPTY,1,,2024-01-20
7023462285381,k-series-rbb-rbc-water-bypass,K series Rbb/Rbc Water Bypass,Syperformance,UNKNOWN,SYPerformance,vendor=SYP but title is not a known in-house part family - owner must confirm,false,Honda K,,,1,75,75,false,0,,true,1,0,EMPTY,1,,2024-01-20
7023461138501,rbc-rbb-throttle-body-adapter-plate-kit,RBC/RBB Throttle Body Adapter Plate Kit,Syperformance,UNKNOWN,SYPerformance,vendor=SYP but title is not a known in-house part family - owner must confirm,false,Unclassified,,Rbc adapter,1,49,49,false,0,,true,1,34,STUB,1,,2024-01-20
7023459270725,k-series-titanium-intake-studs,K Series Titanium Intake Studs,Syperformance,IN-HOUSE,SYPerformance,,true,Honda K,,Titanium studs,1,120,120,false,0,,true,1,7,STUB,1,,2024-01-20
7023457632325,b-d-h-series-intake-manifold-titanuim-studs,B/D/H Series Intake Manifold Titanuim Studs,Syperformance,IN-HOUSE,SYPerformance,,true,Honda H/F,,Ti|Titanium studs,1,130,130,false,0,,true,1,7,STUB,1,,2024-01-20
7023455928389,b-d-h-series-titanium-exhaust-studs,B/D/H Series Titanium Exhaust Studs,Syperformance,IN-HOUSE,SYPerformance,,true,Honda H/F,,Tit|Titanium studs,1,125,125,false,0,,true,1,7,STUB,1,,2024-01-20
7023454355525,evo-x-titanium-exhaust-manifold-studs,Evo X Titanium Exhaust Manifold Studs,Syperformance,IN-HOUSE,SYPerformance,,true,Evo X,,Titanium studs,1,150,150,false,0,,true,1,8,STUB,1,,2024-01-20
7023452553285,evo-8-9-titanium-exhaust-studs,EVO 8/9 Titanium Exhaust Studs,Syperformance,IN-HOUSE,SYPerformance,,true,Evo 8/9,,Titanium studs,1,125,125,false,0,,true,1,29,STUB,1,,2024-01-20
7023450554437,evo-8-9-bottom-mount-turbo-manifold,Evo 8/9 Bottom Mount Turbo Manifold,Syperformance,IN-HOUSE,SYPerformance,,true,Evo 8/9,,Evo bottom mount,5,1150,1150,false,0,,true,1,470,OK,5,,2024-01-20
7023447375941,evo-8-9-top-mount-turbo-manifold,Evo 8/9 Top Mount Turbo Manifold Vband,Syperformance,IN-HOUSE,SYPerformance,,true,Evo 8/9,,Evo top mount,3,1175,1175,false,0,,true,1,204,THIN,3,,2024-01-20
7023444852805,evo-8-9-forward-facing-turbo-manifold,Evo 8/9 Forward Facing Turbo Manifold,Syperformance,IN-HOUSE,SYPerformance,,true,Evo 8/9,,,12,1150,1250,false,0,,true,4,220,THIN,12,,2024-01-20
7023440199749,mitsubishi-evo-x-top-mount-turbo-manifold-v-band,MITSUBISHI EVO X TOP MOUNT TURBO MANIFOLD V BAND,Syperformance,IN-HOUSE,SYPerformance,,true,Evo X,,Evo x top mount,3,1150,1150,false,0,,true,3,136,THIN,3,ALL-CAPS,2024-01-20
7023439020101,evo-x-stock-placement-turbo-manifold,Evo X Stock Placement Turbo Manifold,Syperformance,IN-HOUSE,SYPerformance,,true,Evo X,,Evo x manifold,1,1095,1095,false,0,,true,2,112,STUB,1,,2024-01-20
7023438069829,mitsubishi-evo-8-9-turbo-manifold-factory-placement,MITSUBISHI EVO 8/9 TURBO MANIFOLD FACTORY PLACEMENT,Syperformance,IN-HOUSE,SYPerformance,,true,Evo 8/9,,Evo manifold,1,1150,1150,false,0,,true,1,112,STUB,1,ALL-CAPS,2024-01-20
7023436169285,honda-k-series-titanium-exhaust-manifold-studs,Honda K Series Titanium Exhaust Manifold Studs,Syperformance,IN-HOUSE,SYPerformance,,true,Honda K,,Titanium studs,1,105,105,false,0,,true,2,27,STUB,1,,2024-01-20
7023434530885,turbo-manifold-shorty-studs-m10x1-5,Titanium Turbo Manifold Shorty Studs M10x1.5,Syperformance,IN-HOUSE,SYPerformance,,true,Universal / fab,,Titanuim studs,1,60,60,false,0,,true,1,66,STUB,1,,2024-01-20
7023431188549,honda-forward-facing-turbo-manifold-sfwd-b-d-h,Honda Forward Facing Turbo Manifold SFWD B/D/H,Syperformance,IN-HOUSE,SYPerformance,,true,Unclassified,,,24,1095,1250,false,0,,true,2,171,THIN,24,,2024-01-20
7023425093701,s2000-turbo-manifold-k-f,Honda S2000 Turbo Manifold K/F RWD,Syperformance,IN-HOUSE,SYPerformance,,true,Honda H/F,,S2000 manifold,6,1095,1095,false,0,,true,4,249,THIN,6,,2024-01-20
7023420899397,honda-ram-horn-turbo-manifold-b-d-series-ac,Honda Ram Horn Turbo Manifold B/D Series AC,Syperformance,IN-HOUSE,SYPerformance,,true,Honda D,,Ram horn,4,925,925,false,0,,true,3,174,THIN,4,,2024-01-20
7023416016965,honda-mini-ram-turbo-manifold-b-d-series,Honda Mini Ram Turbo Manifold B/D/H Series,Syperformance,IN-HOUSE,SYPerformance,,true,Honda B + Honda D + Honda H/F,,B series|D series|Mini ram,6,805,805,false,0,,true,2,187,THIN,6,,2024-01-20
7023412543557,honda-top-mount-turbo-manifold-b-d-h-series,Honda Top Mount Turbo Manifold B/D/H Series,Syperformance,IN-HOUSE,SYPerformance,,true,Honda B + Honda H/F,,Top mount b series,45,985,1025,false,0,,true,3,178,THIN,45,,2024-01-20
7023407988805,honda-k-series-sidewinder-turbo-manifold,Honda K Series Sidewinder Turbo Manifold,Syperformance,IN-HOUSE,SYPerformance,,true,Honda K,,Sidewinder turbo manifold,16,1075,1175,false,0,,true,2,160,THIN,16,,2024-01-20
7018773119045,k-series-adjustable-idler-pulley-kit,K Series Adjustable Idler Pulley Kit,Syperformance,UNKNOWN,SYPerformance,vendor=SYP but title is not a known in-house part family - owner must confirm,false,Honda K,,,2,105,105,false,0,,true,1,57,STUB,2,,2024-01-19
7018501537861,k-series-lean-mount-turbo-manifold,K SERIES LEAN TOP MOUNT TURBO MANIFOLD,Syperformance,IN-HOUSE,SYPerformance,,true,Honda K,,Lean top mount turbo manifold k series,3,1200,1200,false,0,,true,2,260,THIN,3,ALL-CAPS,2024-01-19
7018145480773,k-series-top-mount-mini-ram-rwd-turbo-manifold,K Series Top Mount Mini Ram RWD Turbo Manifold,Syperformance,IN-HOUSE,SYPerformance,,true,Honda K,,,15,895,925,false,0,,true,9,242,THIN,15,,2024-01-19
7018027384901,k-series-top-mount-turbo-manifold,K Series Top Mount Turbo Manifold,Syperformance,IN-HOUSE,SYPerformance,,true,Honda K,,Top mount turbo manifold,19,1200,1350,false,0,,true,8,369,THIN,19,,2024-01-19
7017113387077,k24-timing-chain-kit,K24 Timing Chain Kit,honda,RESOLD,honda,,false,Honda K,,Timing chain,1,475,475,false,0,,false,1,42,STUB,1,,2024-01-19
7017076162629,k-series-type-s-oil-pump-kit,K Series Type S Oil Pump Kit,Syperformance,UNKNOWN,SYPerformance,vendor=SYP but title is not a known in-house part family - owner must confirm,false,Honda K,,,4,445,680,false,0,,true,1,128,THIN,4,,2024-01-19
7016960262213,honda-k-series-water-necks,Honda K Series Water Necks,Syperformance,UNKNOWN,SYPerformance,vendor=SYP but title is not a known in-house part family - owner must confirm,false,Honda K,,Water necks,20,105,120,false,0,,true,1,51,STUB,20,,2024-01-19
7016716075077,intake-air-temp-weld-in-bung-k-series,Intake Air Temp Weld in Bung K Series,Syperformance,IN-HOUSE,SYPerformance,,true,Honda K,,,1,39,39,false,0,,true,2,64,STUB,1,,2024-01-19
7016661516357,syp-billet-hd-vanjen-clamps,SYP Billet HD Vanjen Clamps,Syperformance,IN-HOUSE,SYPerformance,,true,Universal / fab,,Hd clamps|Vanjen clamps,3,85,105,false,0,,true,2,117,STUB,3,SYP-abbrev,2024-01-19
7016625668165,k-series-billet-halfshaft,K Series Billet Halfshaft,Syperformance,IN-HOUSE,SYPerformance,,true,Honda K,Transmission/Drivetrain,1000hp halfshaft|500hp halfshaft|700hp halfshaft|Axles|Civic si halfshaft|Halfshaft|K series halfshaft|K20 halfshaft|Rsx halfshaft,1,375,375,false,0,,true,1,71,STUB,1,,2024-01-19
7016543387717,scatter-sheild,Scatter Sheild,Syperformance,UNKNOWN,SYPerformance,vendor=SYP but title is not a known in-house part family - owner must confirm,false,Unclassified,Transmission/Drivetrain,Scatter sheild,1,165,165,false,0,,true,3,128,THIN,1,,2024-01-19
7015978827845,translab-k-series-vss-block-off,TRANSLAB K SERIES VSS BLOCK OFF,translab,RESOLD,TRANSLAB,,false,Honda K,,,1,30,30,false,0,,true,2,326,THIN,1,ALL-CAPS,2024-01-19
7015978762309,translab-k-awd-billet-transfer-case-block-off,TRANSLAB K-AWD BILLET TRANSFER CASE BLOCK OFF,translab,RESOLD,TRANSLAB,,false,Unclassified,,,1,150,150,true,25,200.00,true,1,504,OK,1,ALL-CAPS,2024-01-19
7015978729541,translab-b-h-series-bottom-countershaft-shim,Translab B/H series bottom countershaft shim,translab,RESOLD,Translab,,false,Honda H/F,shim,,1,20,20,false,0,,true,2,454,OK,1,,2024-01-19
7015978664005,translab-billet-b-series-awd-billet-cuff,TRANSLAB BILLET B SERIES AWD BILLET CUFF,translab,RESOLD,TRANSLAB,,false,Honda B,cuff,,1,300,300,false,0,,true,1,195,THIN,1,ALL-CAPS,2024-01-19
7015978631237,b-awd-sbxm-billet-transfer-case-block-off-plate,TRANSLAB B AWD-SBXM billet transfer case block off plate,BF GEARS USA,RESOLD,TRANSLAB,,false,Unclassified,block off,,1,150,150,true,25,200.00,true,1,495,OK,1,mixed-case-inconsistent,2024-01-19
7015978598469,translab-billet-input-shaft-thrust-tool,Translab billet input shaft thrust tool,translab,RESOLD,Translab,,false,Unclassified,,,1,150,150,true,25,200.00,true,2,243,THIN,1,,2024-01-19
7015978500165,syperformance-honda-k-series-billet-halfshaft-carrier,SYPerformance Honda K Series Billet Halfshaft Carrier,syperformance,IN-HOUSE,SYPerformance,,true,Honda K,,Axle|Bearings|Carrier|Halfshaft|K20 rsx|Rsx,1,265,265,true,10,295.00,true,5,538,OK,1,brand-prefixed,2024-01-19
7015978336325,k-series-bearings-kits,K SERIES BEARINGS KITS,honda,RESOLD,honda,,false,Honda K,bearings,,4,250,315,false,0,,true,3,197,THIN,4,ALL-CAPS,2024-01-19
7015978303557,k-series-seal-kit,K SERIES SEAL KIT,honda,RESOLD,honda,,false,Honda K,seals,,1,50,50,false,0,,true,1,37,STUB,1,ALL-CAPS,2024-01-19
7015955169349,k-series-dog-5th-gear-sets,K SERIES DOG 5TH GEAR SETS,BF GEARS USA,RESOLD,BF GEARS,,false,Honda K,,5th gear,6,895,995,false,0,,true,1,178,THIN,6,ALL-CAPS,2024-01-19
7015955071045,syp-bseries-billet-halfshaft-carrier-assembly,SYP Bseries Billet Halfshaft Carrier Assembly,SYP,IN-HOUSE,SYPerformance,,true,Honda B,,Halfshaft,1,265,265,true,13,305.00,true,9,81,STUB,1,SYP-abbrev,2024-01-19