group,job,client,monthly,tmcp_base,adjustments,started,visits_per_year
A,4998,"Bill Langley",75,75,"",2024-02-26,21
A,5024,"Brienna Dyberg",75,75,"",2024-03-06,28
A,5829,"Tom Hornberg",75,75,"",2024-08-28,27
A,6275,"Mike Tonda",75,75,"",2025-01-12,25
A,7362,"Velena Bryant",75,75,"",2025-10-13,19
A,7593,"Thanh Tran",75,75,"",2026-01-14,25
A,7594,"Dalveer Josan",75,75,"",2026-01-14,31
A,7961,"Kelly Kunz",75,75,"",2026-06-04,45
A,7444,"Theo Vervilles",80,80,"",2025-10-30,18
A,4469,"Yvonne Hall",85,85,"",2023-09-07,31
A,4479,"Charles Bender",85,85,"",2023-09-01,28
A,4480,"Amanda Willard",85,85,"",2023-10-03,19
A,4502,"Doreen Rigos",85,85,"",2024-08-06,15
A,4515,"Kelly Kunz",85,85,"",2023-09-08,34
A,4545,"Randy Stegmeier",85,85,"",2023-10-01,32
A,4550,"Lee Hansen",85,85,"",2023-09-22,28
A,4629,"Mandy Sprague",85,85,"",2023-10-04,18
A,4655,"Bruce  Sprague",85,85,"",2023-10-17,21
A,4673,"Nick Miller",85,85,"",2023-11-01,23
A,4674,"Noe Cerda",85,85,"",2023-11-06,29
A,4676,"Rick  Fegurgur",85,85,"",2023-10-26,24
A,4705,"Pam Northrip",85,85,"",2023-12-12,27
A,4707,"Sandy Foster",85,85,"",2023-11-09,28
A,4741,"Ron Krebbs",85,85,"",2023-11-27,24
A,4776,"David Bhend",85,85,"",2023-12-14,26
A,4825,"Trudy Wozeniak",85,85,"",2024-01-04,24
A,4874,"Jon Foster",85,85,"",2025-01-15,13
A,4880,"Matt Swank",85,85,"",2024-01-22,25
A,4929,"Susanna Suiter",85,85,"",2024-02-07,22
A,4962,"Maureen Haley",85,85,"",2024-02-16,21
A,4975,"Brian Beans",85,85,"",2024-02-20,15
A,4994,"Liki Estes",85,85,"",2024-02-26,37
A,5023,"Ryan Palmer",85,85,"",2024-03-07,17
A,5040,"Priscilla Dendy",85,85,"",2024-04-04,15
A,5044,"Sandy Blackburn",85,85,"",2024-03-13,30
A,5047,"Randy Redding",85,85,"",2024-03-13,30
A,5052,"Tom Weaver",85,85,"",2024-03-22,21
A,5053,"Dennis Scroggins",85,85,"",2024-03-15,21
A,5066,"Ryan Coffey",85,85,"",2024-03-20,15
A,5087,"Ganesh   Thirumalai",85,85,"",2024-03-29,27
A,5104,"Nathan Barness",85,85,"",2024-04-03,32
A,5106,"Todd Davis",85,85,"",2024-04-04,23
A,5114,"Mike Sewell",85,85,"",2024-04-09,17
A,5147,"Rita Gray",85,85,"",2024-04-24,23
A,5152,"Jenny Roy",85,85,"",2024-04-26,30
A,5184,"Gail Jones",85,85,"",2024-05-09,19
A,5260,"Kathy Lewis",85,85,"",2024-06-07,29
A,5298,"Zach Usher",85,85,"",2024-06-09,15
A,5322,"Jason Gomez",85,85,"",2024-06-13,13
A,5328,"Dave Belmont",85,85,"",2024-06-14,33
A,5330,"Maggie Pierotti",85,85,"",2024-06-14,20
A,5335,"Amy Shick",85,85,"",2024-06-14,12
A,5344,"Rick Ternosky",85,85,"",2024-06-26,27
A,5355,"Debra Chrapaty",85,85,"",2024-06-24,25
A,5369,"Chris Doll",85,85,"",2024-06-20,32
A,5381,"Lindsay Donner",85,85,"",2024-06-21,18
A,5382,"Harsh Nanchahal",85,85,"",2024-06-21,18
A,5409,"Rob Goolsby",85,85,"",2024-06-26,21
A,5424,"Martha Copeland",85,85,"",2024-06-27,21
A,5427,"Dave Wilson",85,85,"",2024-06-28,24
A,5438,"Jan Stanfield",85,85,"",2024-07-01,25
A,5439,"Jacque Coffey",85,85,"",2024-07-01,22
A,5441,"Tom Craig",85,85,"",2024-07-01,25
A,5442,"Jeff Hardman",85,85,"",2024-07-01,25
A,5458,"Jake Nettleton",85,85,"",2024-07-05,23
A,5502,"Omar Aftab",85,85,"",2024-07-11,19
A,5515,"Dale Bundy",85,85,"",2024-07-12,24
A,5529,"Christina McDougall",85,85,"",2024-07-22,12
A,5536,"Clark Potter",85,85,"",2024-07-16,26
A,5565,"Mike Baril",85,85,"",2024-07-22,16
A,5574,"Ross Parker",85,85,"",2024-07-23,16
A,5594,"Michael Satran",85,85,"",2025-01-16,23
A,5602,"Sandee Smith",85,85,"",2024-08-01,26
A,5622,"Carrie Cummings",85,85,"",2024-08-22,17
A,5668,"Tim Cho",85,85,"",2024-07-31,19
A,5672,"Rachel Brouhard",85,85,"",2024-08-07,24
A,5676,"Clark Potter",85,85,"",2024-08-01,31
A,5700,"John Siebenbaum",85,85,"",2024-08-19,24
A,5726,"Faye Houshyari",85,85,"",2024-08-13,28
A,5727,"Eric Crossley",85,85,"",2024-09-04,27
A,5780,"Susy Bevans",85,85,"",2024-09-04,17
A,5818,"Blaine Wright",85,85,"",2024-08-29,20
A,5948,"Tom Rebek",85,85,"",2024-09-26,21
A,5982,"David Rosser",85,85,"",2024-10-03,28
A,6083,"Chantal Padilla",85,85,"",2024-10-31,22
A,6162,"Scott Barker",85,85,"",2024-12-06,38
A,6322,"Mark Gagne",85,85,"",2025-01-31,24
A,6356,"Jason Wittenberger",85,85,"",2025-02-14,19
A,6382,"Jared Haines",85,85,"",2025-02-26,33
A,6400,"Dave Mcclung",85,85,"",2025-03-06,20
A,6440,"Marta Dickerson",85,85,"",2025-03-11,26
A,6454,"Leslie Turner",85,85,"",2025-03-25,24
A,5015,"Brian Muirhead",86.25,86.25,"",2024-03-04,36
A,5280,"Tim Flood",86.25,86.25,"",2024-06-18,12
A,5411,"Paul Klansnic",89,89,"",2024-06-26,15
A,5503,"Nichole Avila",89,89,"",2024-07-11,32
A,4608,"Kristi Rice",89.25,89.25,"",2023-09-26,22
A,4644,"Eric Fraumeni",89.25,89.25,"",2023-10-09,16
A,4953,"Steve Herbst",89.25,89.25,"",2025-01-15,19
A,5413,"Ron Houlihan",89.25,89.25,"",2024-06-26,26
A,5432,"Nancy  Price",89.25,89.25,"",2024-06-28,48
A,5593,"Steve Smith",89.25,89.25,"",2024-07-24,13
A,4749,"Thomas  Varrelman",90,90,"",2023-11-30,24
A,4902,"Jane Moore",90,90,"",2024-02-01,20
A,4905,"Ashley Clark",90,90,"",2024-02-07,17
A,5109,"Joe Crecca",90,90,"",2024-04-05,19
A,5138,"Shelley Bensussen",90,90,"",2024-04-24,20
A,5139,"Aly Mendez",90,90,"",2024-04-24,29
A,5150,"Scott Taylor",90,90,"",2024-04-25,28
A,5390,"Mike Kaiser",90,90,"",2024-06-24,13
A,5696,"Amber John",90,90,"",2024-08-12,23
A,5940,"Don Severide",90,90,"",2024-09-22,19
A,6028,"BIll Sweatman",90,90,"",2024-10-18,32
A,6198,"Jeff Boyd",90,90,"",2024-12-19,27
A,6339,"John Trian",90,90,"",2025-02-10,13
A,6619,"Pam Griffin",90,90,"",2025-06-09,20
A,6674,"Larry Desmet",90,90,"",2025-06-18,36
A,6953,"Jean Brannen",90,90,"",2025-08-07,23
A,7084,"Jameel Hyder",90,90,"",2025-09-04,26
A,7303,"Bryce Murphy",90,90,"",2025-10-06,27
A,7637,"Tommy Marshall",90,90,"",2026-01-28,27
A,7793,"Tim Saiz",90,90,"",2026-03-27,38
A,7840,"Sam Wrisley",90,90,"",2026-04-08,25
A,7842,"Rodrigo Vidal",90,90,"",2026-04-07,27
A,8618,"Shawn Tobius",90,90,"",2026-09-22,
A,8651,"Robert Hartsell",90,90,"",2026-10-01,
A,5071,"Jim Nelsen",93,93,"",2024-04-18,30
A,4504,"Evan Epstein",95,95,"",2023-09-06,34
A,4581,"Al Nettles",95,95,"",2023-09-21,15
A,4614,"Jennifer Beardall",95,95,"",2023-10-04,33
A,4701,"Thomas Carpinito",95,95,"",2023-11-16,29
A,4703,"Joel Glass",95,95,"",2023-11-06,35
A,4771,"Nancy Krossa",95,95,"",2023-12-12,21
A,4777,"Al Chappell",95,95,"",2023-12-13,17
A,5099,"Buff Nelson",95,95,"",2024-04-03,19
A,5148,"Brant Bengston",95,95,"",2024-04-24,28
A,5324,"Scott  Moser",95,95,"",2024-06-13,24
A,5667,"Ron Short",95,95,"",2024-08-01,18
A,5751,"Jane Gallagher",95,95,"",2024-08-13,22
A,5947,"Neil Kanungo",95,95,"",2024-09-24,24
A,6064,"Joe  Edmunson",95,95,"",2024-10-29,23
A,6355,"Julie James",95,95,"",2025-02-12,29
A,6392,"Dan Hazen",95,95,"",2025-02-25,24
A,6396,"Deborah Canon",95,95,"",2025-02-26,21
A,6555,"Matt Coder",95,95,"",2025-05-14,25
A,6568,"Shar Brown",95,95,"",2025-05-14,26
A,6569,"Robin Slater",95,95,"",2025-05-20,23
A,7088,"Kay Neal",95,95,"",2025-09-01,18
A,7681,"Roy Restad",95,95,"",2026-02-17,15
A,7849,"Jason Pedersen",95,95,"",2026-04-21,19
A,7893,"Miles Magnuson",95,95,"",2026-05-04,32
A,7901,"Walter Poupore",95,95,"",2026-05-11,37
A,8178,"Leslie Bratrud",95,95,"",2026-07-21,
A,8291,"John & Jasmine Foth",95,95,"",2026-08-01,
A,8601,"Kevin Shaver",95,95,"",2026-09-15,
A,8638,"Nik bhogal",95,95,"",2026-09-28,
A,8652,"Roberto Dondisch",95,95,"",2026-09-29,
A,5227,"Jana Wilson",97.75,97.75,"",2024-05-23,27
B,6495,"Gary Hollins",50,100,"Neighboring Property Discount -$50",2025-04-17,21
B,6500,"Sheri Powers",50,100,"Neighboring Property Discount -$50",2025-04-17,30
B,7979,"Martha  Dawson",50,100,"Barbee Mill HOA discount -$50",2026-06-11,41
B,7980,"Marianne Parasida",50,100,"Barbee Mill HOA discount -$50",2026-06-07,35
B,7981,"Jeff Nugent",50,100,"Barbee Mill HOA discount -$50",2026-06-08,32
B,8016,"Nasima Vira",50,100,"Barbee Mill HOA discount -$50",2026-06-16,23
B,8019,"John Wohlfarth",50,100,"Barbee Mill HOA discount -$50",2026-06-18,36
B,8054,"Katie Richardson",50,100,"Barbee Mill HOA discount -$50",2026-06-25,39
B,8082,"Pauline Kabue",50,100,"Neighboring Property Discount -$50",2026-07-01,37
B,8083,"Mark Baughman",50,100,"Neighboring Property Discount -$50",2026-07-01,37
B,8146,"Paul Davis",50,100,"Barbee Mill HOA discount -$50",2026-07-09,31
B,8147,"Laura Zarro",50,100,"Barbee Mill HOA discount -$50",2026-07-16,34
B,8176,"Mark & Lois Parhaniemei",50,100,"Barbee Mill HOA discount -$50",2026-07-16,40
B,8293,"Francis Abraham",50,100,"Neighboring Property Discount (4x) -$50",2026-08-03,
B,8294,"ChittiBabu  Pacharu",50,100,"Neighboring Property Discount (4x) -$50",2026-08-01,
B,8296,"Prasad Thiruveedu",50,100,"Neighboring Property Discount (4x) -$50",2026-08-03,
B,8297,"Babu Uppala",50,100,"Neighboring Property Discount (4x) -$50",2026-08-03,
B,8320,"Jay Hickenbottom",50,100,"Barbee Mill HOA discount -$50",2026-08-05,
B,8350,"Ross Luo",60,100,"Neighboring Property Discount -$40",2026-08-14,
B,7857,"Bob Davies",75,100,"Military Discount -$25",2026-04-16,35
B,8417,"Lynn Anderson",75,100,"Neighboring Property Discount -$25",2026-08-19,
B,8429,"Lourdes Orive",75,100,"Neighboring Property Discount -$25",2026-08-21,
B,8430,"Lourdes Orive",75,100,"Neighboring Property Discount -$25",2026-08-20,
B,7689,"James Mczynski",85,100,"Military Discount -$15",2026-02-17,26
B,7723,"Chad Peterson",85,100,"Repeat Customer Discount -$15",2026-02-24,35
B,7735,"Mike Coile",85,100,"Repeat Customer Discount -$15",2026-03-04,44
B,7736,"Rita Conger",85,100,"Repeat Customer Discount -$15",2026-03-04,37
B,7804,"Ron Bramlett",85,100,"Military Discount -$15",2026-03-30,40
B,7813,"Chuck  Christenson",85,100,"Repeat Customer Discount -$15",2026-04-01,41
B,7823,"Erik Yang",85,100,"Repeat Customer Discount -$15",2026-04-06,27
B,7834,"Ganesh   Thirumalai",85,100,"Repeat Customer Discount -$15",2026-04-06,27
B,7837,"Karen Baker",85,100,"Repeat Customer Discount -$15",2026-04-10,36
B,7875,"Pam Novotny",85,100,"Military Discount -$15",2026-05-04,51
B,7897,"Anne Gallagher",85,100,"Military Discount -$15",2026-05-11,39
B,7970,"Darren McAllen",85,100,"Repeat Customer Discount -$15",2026-06-05,52
B,8065,"Aleyna Yamaguchi",85,100,"Repeat Customer Discount -$15",2026-06-30,32
B,8112,"Colleen Hunter",85,100,"Senior Discount -$15",2026-07-07,45
B,8190,"Kevin Bohnert",85,100,"Repeat Customer Discount -$15",2026-07-20,
B,8545,"Doris Osada",85,100,"Senior Discount -$15",2026-09-09,
B,8549,"Donna Youngblood",85,100,"Senior Discount -$15",2026-09-10,
B,7867,"Weston Hutchings",90,100,"Military Discount -$10",2026-04-29,23
B,7917,"Larry Kauzlarich",90,100,"Senior Discount -$10",2026-05-14,46
B,8076,"Rick Hornecker",90,100,"Military Discount -$10",2026-06-29,54
B,8170,"Ross Luo",90,100,"Senior Discount -$10",2026-07-15,51
B,8194,"Steve Murdock",90,100,"Military Discount -$10",2026-07-22,
B,8210,"David Preston",90,100,"Military Discount -$10",2026-07-27,
B,8235,"Mike Schuppert",90,100,"Repeat Customer Discount -$10",2026-07-26,
B,8236,"Tom Hopson",90,100,"Repeat Customer Discount -$10",2026-07-27,
B,8288,"Stan Adams",90,100,"Senior Discount -$10",2026-08-01,
B,8292,"Terry Yoshimura",90,100,"Repeat Customer Discount -$10",2026-08-06,
B,8330,"Dick Keiser",90,100,"Military Discount -$10",2026-08-12,
B,8332,"Nancy Collinsworth",90,100,"Senior Discount -$10",2026-08-13,
B,8347,"David Jones",90,100,"Military Discount -$10",2026-08-11,
B,8488,"Terry Wirth",90,100,"Military Discount -$10",2026-09-03,
B,8500,"Mary Yu",90,100,"Senior Discount -$10",2026-09-07,
B,8508,"Zoe Wu",90,100,"Senior Discount -$10",2026-09-04,
B,8509,"Sarabjit Kaur",90,100,"Senior Discount -$10",2026-09-07,
C,4842,"Debbie Griffith",85,85,"Setup / Service Fee +$250; Set up fee paid -$250",2024-01-10,28
C,8409,"Chris Higgs",90,95,"Repeat Customer Discount -$5",2026-08-25,
D,6463,"Jerry Wilkinson",85,85,"",2025-04-16,18
D,6649,"Theresa  Hall",85,85,"",2025-06-10,29
D,7017,"Steve Lees",85,85,"",2025-08-15,34
D,7407,"Steven Friedrichsen",85,85,"",2025-11-12,15
D,7471,"Michelle  Bates",85,85,"",2025-11-24,31
D,7485,"Melinda Wagner",85,85,"",2025-11-18,13
D,7494,"Gary Smart",85,85,"",2025-11-27,24
D,7525,"Denica Bucklin",85,85,"",2025-12-16,25
D,7531,"Rishab Narula",85,85,"",2025-12-09,30
D,7588,"Cheryl Rook",85,85,"",2026-01-15,19
D,7702,"Joe Tate",85,85,"",2026-02-24,18
D,7711,"Jackie Owner",85,85,"",2026-02-23,14
D,7712,"Nancy Hawkins",85,85,"",2026-02-25,21
D,7713,"Scott Fritschle",85,85,"",2026-02-23,26
D,7737,"James Evenson",85,85,"",2026-03-03,26
D,7739,"Joey Deluca",85,85,"",2026-03-06,39
D,7747,"Leeroy Perkins",85,85,"",2026-03-04,26
D,7754,"Jared Harman",85,85,"",2026-03-06,15
D,7774,"Kyle Hardtke",85,85,"",2026-03-18,24
D,7794,"Cindy Strom",85,85,"",2026-03-26,25
D,7806,"Jean Hamilton",85,85,"",2026-04-02,15
D,7818,"Michelle Pavlovich",85,85,"",2026-04-02,19
D,7825,"David Bennett",85,85,"",2026-04-07,18
D,7884,"Matt Arnold",85,85,"",2026-05-05,51
D,7911,"Lisa Peterson",85,85,"",2026-05-14,32
F,8613,"Steve Burns",-20,100,"",2026-09-21,
F,5915,"Dee Lewis",75,75,"",2024-09-20,21
F,6628,"Shana Valencia",75,75,"",2025-06-05,20
F,7570,"Della Crossley",75,75,"",2026-01-09,23
F,7816,"Derek Smith",75,75,"",2026-04-03,35
F,6720,"Tom Schlimme",85,85,"",2025-06-26,26
F,6890,"Tom Schlimme",85,85,"",2025-08-06,22
F,7462,"HyperGreen Landscaping",85,85,"",2025-11-13,25
F,7548,"HyperGreen Landscaping",85,85,"",2025-12-26,37
N,7424,"Irene VandenBrink",50,50,"",2025-10-29,17
N,7425,"Ross Good",50,50,"",2025-10-29,17
N,7684,"Dennis Higashiyama",50,50,"",2026-02-18,19
N,7685,"Mark Fisher",50,50,"",2026-02-11,22
N,7819,"Kirsten Taylor",50,50,"",2026-04-03,28
N,8157,"Charles",50,50,"",2026-07-15,39
N,8159,"Jonae",50,50,"",2026-07-13,33