job,client,current_monthly,new_monthly,increase,started,visits_per_year,line_item,status,jobber_url
4998,"Bill Langley",75,100,25,2024-02-26,21,"Total Mole Control Program -- Year round protection",upcoming,https://secure.getjobber.com/work_orders/84783449
5024,"Brienna Dyberg",75,100,25,2024-03-06,28,"Total Mole Control Program -- Year round protection",upcoming,https://secure.getjobber.com/work_orders/85325122
5829,"Tom Hornberg",75,100,25,2024-08-28,27,"Total Mole Control Program -- Year round protection",upcoming,https://secure.getjobber.com/work_orders/96575298
6275,"Mike Tonda",75,100,25,2025-01-12,25,"Total Mole Control Program -- Year round protection",upcoming,https://secure.getjobber.com/work_orders/105000860
4479,"Charles Bender",85,100,15,2023-09-01,28,"Total Mole Control Program -- Year round protection",upcoming,https://secure.getjobber.com/work_orders/75901597
4469,"Yvonne Hall",85,100,15,2023-09-07,31,"Total Mole Control Program -- Year round protection",upcoming,https://secure.getjobber.com/work_orders/75798117
4515,"Kelly Kunz",85,100,15,2023-09-08,34,"Total Mole Control Program -- Year round protection",upcoming,https://secure.getjobber.com/work_orders/76265711
4550,"Lee Hansen",85,100,15,2023-09-22,28,"Total Mole Control Program -- Year round protection",upcoming,https://secure.getjobber.com/work_orders/76671470
4545,"Randy Stegmeier",85,100,15,2023-10-01,32,"Total Mole Control Program -- Year round protection",upcoming,https://secure.getjobber.com/work_orders/76627701
4480,"Amanda Willard",85,100,15,2023-10-03,19,"Total Mole Control Program -- Year round protection",upcoming,https://secure.getjobber.com/work_orders/75908539
4629,"Mandy Sprague",85,100,15,2023-10-04,18,"Total Mole Control Program -- Year round protection",upcoming,https://secure.getjobber.com/work_orders/77682842
4655,"Bruce  Sprague",85,100,15,2023-10-17,21,"Total Mole Control Program -- Year round protection",upcoming,https://secure.getjobber.com/work_orders/78505510
4676,"Rick  Fegurgur",85,100,15,2023-10-26,24,"Total Mole Control Program -- Year round protection",upcoming,https://secure.getjobber.com/work_orders/79037144
4673,"Nick Miller",85,100,15,2023-11-01,23,"Total Mole Control Program -- Year round protection",upcoming,https://secure.getjobber.com/work_orders/78997304
4674,"Noe Cerda",85,100,15,2023-11-06,29,"Total Mole Control Program -- Year round protection",upcoming,https://secure.getjobber.com/work_orders/79019218
4707,"Sandy Foster",85,100,15,2023-11-09,28,"Total Mole Control Program -- Year round protection",upcoming,https://secure.getjobber.com/work_orders/79826974
4741,"Ron Krebbs",85,100,15,2023-11-27,24,"Total Mole Control Program -- Year round protection",upcoming,https://secure.getjobber.com/work_orders/80687161
4705,"Pam Northrip",85,100,15,2023-12-12,27,"Total Mole Control Program -- Year round protection",upcoming,https://secure.getjobber.com/work_orders/79698796
4776,"David Bhend",85,100,15,2023-12-14,26,"Total Mole Control Program -- Year round protection",upcoming,https://secure.getjobber.com/work_orders/81417596
4825,"Trudy Wozeniak",85,100,15,2024-01-04,24,"Total Mole Control Program -- Year round protection",upcoming,https://secure.getjobber.com/work_orders/82229410
4880,"Matt Swank",85,100,15,2024-01-22,25,"Total Mole Control Program -- Year round protection",upcoming,https://secure.getjobber.com/work_orders/83034187
4929,"Susanna Suiter",85,100,15,2024-02-07,22,"Total Mole Control Program -- Year round protection",upcoming,https://secure.getjobber.com/work_orders/83866706
4962,"Maureen Haley",85,100,15,2024-02-16,21,"Total Mole Control Program -- Year round protection",upcoming,https://secure.getjobber.com/work_orders/84318616
4975,"Brian Beans",85,100,15,2024-02-20,15,"Total Mole Control Program -- Year round protection",upcoming,https://secure.getjobber.com/work_orders/84450232
4994,"Liki Estes",85,100,15,2024-02-26,37,"Total Mole Control Program -- Year round protection",upcoming,https://secure.getjobber.com/work_orders/84769570
5023,"Ryan Palmer",85,100,15,2024-03-07,17,"Total Mole Control Program -- Year round protection",upcoming,https://secure.getjobber.com/work_orders/85322915
5044,"Sandy Blackburn",85,100,15,2024-03-13,30,"Total Mole Control Program -- Year round protection",upcoming,https://secure.getjobber.com/work_orders/85592443
5047,"Randy Redding",85,100,15,2024-03-13,30,"Total Mole Control Program -- Year round protection",upcoming,https://secure.getjobber.com/work_orders/85745343
5053,"Dennis Scroggins",85,100,15,2024-03-15,21,"Total Mole Control Program -- Year round protection",upcoming,https://secure.getjobber.com/work_orders/85856179
5066,"Ryan Coffey",85,100,15,2024-03-20,15,"Total Mole Control Program -- Year round protection",upcoming,https://secure.getjobber.com/work_orders/86143755
5052,"Tom Weaver",85,100,15,2024-03-22,21,"Total Mole Control Program -- Year round protection",upcoming,https://secure.getjobber.com/work_orders/85855366
5087,"Ganesh   Thirumalai",85,100,15,2024-03-29,27,"Total Mole Control Program -- Year round protection",upcoming,https://secure.getjobber.com/work_orders/86734708
5104,"Nathan Barness",85,100,15,2024-04-03,32,"Total Mole Control Program -- Year round protection",upcoming,https://secure.getjobber.com/work_orders/87045005
5040,"Priscilla Dendy",85,100,15,2024-04-04,15,"Total Mole Control Program -- Year round protection",upcoming,https://secure.getjobber.com/work_orders/85571897
5106,"Todd Davis",85,100,15,2024-04-04,23,"Total Mole Control Program -- Year round protection",upcoming,https://secure.getjobber.com/work_orders/87047471
5114,"Mike Sewell",85,100,15,2024-04-09,17,"Total Mole Control Program -- Year round protection",upcoming,https://secure.getjobber.com/work_orders/87402681
5147,"Rita Gray",85,100,15,2024-04-24,23,"Total Mole Control Program -- Year round protection",upcoming,https://secure.getjobber.com/work_orders/88506397
5152,"Jenny Roy",85,100,15,2024-04-26,30,"Total Mole Control Program -- Year round protection",upcoming,https://secure.getjobber.com/work_orders/88570639
5184,"Gail Jones",85,100,15,2024-05-09,19,"Total Mole Control Program -- Year round protection",upcoming,https://secure.getjobber.com/work_orders/89583478
5260,"Kathy Lewis",85,100,15,2024-06-07,29,"Total Mole Control Program -- Year round protection",upcoming,https://secure.getjobber.com/work_orders/91026628
5298,"Zach Usher",85,100,15,2024-06-09,15,"Total Mole Control Program -- Year round protection",upcoming,https://secure.getjobber.com/work_orders/91551435
5322,"Jason Gomez",85,100,15,2024-06-13,13,"Total Mole Control Program -- Year round protection",upcoming,https://secure.getjobber.com/work_orders/91866522
5328,"Dave Belmont",85,100,15,2024-06-14,33,"Total Mole Control Program -- Year round protection",upcoming,https://secure.getjobber.com/work_orders/91945637
5330,"Maggie Pierotti",85,100,15,2024-06-14,20,"Total Mole Control Program -- Year round protection",upcoming,https://secure.getjobber.com/work_orders/91949013
5335,"Amy Shick",85,100,15,2024-06-14,12,"Total Mole Control Program -- Year round protection",upcoming,https://secure.getjobber.com/work_orders/91972676
5369,"Chris Doll",85,100,15,2024-06-20,32,"Total Mole Control Program -- Year round protection",upcoming,https://secure.getjobber.com/work_orders/92365001
5381,"Lindsay Donner",85,100,15,2024-06-21,18,"Total Mole Control Program -- Year round protection",upcoming,https://secure.getjobber.com/work_orders/92438366
5382,"Harsh Nanchahal",85,100,15,2024-06-21,18,"Total Mole Control Program -- Year round protection",upcoming,https://secure.getjobber.com/work_orders/92439478
5355,"Debra Chrapaty",85,100,15,2024-06-24,25,"Total Mole Control Program -- Year round protection",upcoming,https://secure.getjobber.com/work_orders/92212576
5344,"Rick Ternosky",85,100,15,2024-06-26,27,"Total Mole Control Program -- Year round protection",upcoming,https://secure.getjobber.com/work_orders/92108198
5409,"Rob Goolsby",85,100,15,2024-06-26,21,"Total Mole Control Program -- Year round protection",upcoming,https://secure.getjobber.com/work_orders/92715786
5424,"Martha Copeland",85,100,15,2024-06-27,21,"Total Mole Control Program -- Year round protection",upcoming,https://secure.getjobber.com/work_orders/92852650
5427,"Dave Wilson",85,100,15,2024-06-28,24,"Total Mole Control Program -- Year round protection",upcoming,https://secure.getjobber.com/work_orders/92890073
5438,"Jan Stanfield",85,100,15,2024-07-01,25,"Total Mole Control Program -- Year round protection",upcoming,https://secure.getjobber.com/work_orders/92931836
5439,"Jacque Coffey",85,100,15,2024-07-01,22,"Total Mole Control Program -- Year round protection",upcoming,https://secure.getjobber.com/work_orders/92986935
5441,"Tom Craig",85,100,15,2024-07-01,25,"Total Mole Control Program -- Year round protection",upcoming,https://secure.getjobber.com/work_orders/92989217
5442,"Jeff Hardman",85,100,15,2024-07-01,25,"Total Mole Control Program -- Year round protection",upcoming,https://secure.getjobber.com/work_orders/92999493
5458,"Jake Nettleton",85,100,15,2024-07-05,23,"Total Mole Control Program -- Year round protection",upcoming,https://secure.getjobber.com/work_orders/93203879
5502,"Omar Aftab",85,100,15,2024-07-11,19,"Total Mole Control Program -- Year round protection",upcoming,https://secure.getjobber.com/work_orders/93699298
5515,"Dale Bundy",85,100,15,2024-07-12,24,"Total Mole Control Program -- Year round protection",upcoming,https://secure.getjobber.com/work_orders/93786295
5536,"Clark Potter",85,100,15,2024-07-16,26,"Total Mole Control Program -- Year round protection",upcoming,https://secure.getjobber.com/work_orders/94005238
5529,"Christina McDougall",85,100,15,2024-07-22,12,"Total Mole Control Program -- Year round protection",upcoming,https://secure.getjobber.com/work_orders/93963898
5565,"Mike Baril",85,100,15,2024-07-22,16,"Total Mole Control Program -- Year round protection",upcoming,https://secure.getjobber.com/work_orders/94362459
5574,"Ross Parker",85,100,15,2024-07-23,16,"Total Mole Control Program -- Year round protection",upcoming,https://secure.getjobber.com/work_orders/94418502
5668,"Tim Cho",85,100,15,2024-07-31,19,"Total Mole Control Program -- Year round protection",upcoming,https://secure.getjobber.com/work_orders/94988021
5602,"Sandee Smith",85,100,15,2024-08-01,26,"Total Mole Control Program -- Year round protection",upcoming,https://secure.getjobber.com/work_orders/94580915
5676,"Clark Potter",85,100,15,2024-08-01,31,"Total Mole Control Program -- Year round protection",upcoming,https://secure.getjobber.com/work_orders/95058739
4502,"Doreen Rigos",85,100,15,2024-08-06,15,"Total Mole Control Program -- Year round protection",upcoming,https://secure.getjobber.com/work_orders/76122570
5672,"Rachel Brouhard",85,100,15,2024-08-07,24,"Total Mole Control Program -- Year round protection",upcoming,https://secure.getjobber.com/work_orders/95021466
5726,"Faye Houshyari",85,100,15,2024-08-13,28,"Total Mole Control Program -- Year round protection",upcoming,https://secure.getjobber.com/work_orders/95427233
5700,"John Siebenbaum",85,100,15,2024-08-19,24,"Total Mole Control Program -- Year round protection",upcoming,https://secure.getjobber.com/work_orders/95259943
5622,"Carrie Cummings",85,100,15,2024-08-22,17,"Total Mole Control Program -- Year round protection",upcoming,https://secure.getjobber.com/work_orders/94699907
5818,"Blaine Wright",85,100,15,2024-08-29,20,"Total Mole Control Program -- Year round protection",upcoming,https://secure.getjobber.com/work_orders/96475626
5727,"Eric Crossley",85,100,15,2024-09-04,27,"Total Mole Control Program -- Year round protection",upcoming,https://secure.getjobber.com/work_orders/95427305
5780,"Susy Bevans",85,100,15,2024-09-04,17,"Total Mole Control Program -- Year round protection",upcoming,https://secure.getjobber.com/work_orders/96013074
5948,"Tom Rebek",85,100,15,2024-09-26,21,"Total Mole Control Program -- Year round protection",upcoming,https://secure.getjobber.com/work_orders/98374068
5982,"David Rosser",85,100,15,2024-10-03,28,"Total Mole Control Program -- Year round protection",upcoming,https://secure.getjobber.com/work_orders/98854079
6083,"Chantal Padilla",85,100,15,2024-10-31,22,"Total Mole Control Program -- Year round protection",upcoming,https://secure.getjobber.com/work_orders/100548614
6162,"Scott Barker",85,100,15,2024-12-06,38,"Total Mole Control Program -- Year round protection",upcoming,https://secure.getjobber.com/work_orders/103082747
4874,"Jon Foster",85,100,15,2025-01-15,13,"Total Mole Control Program -- Year round protection",upcoming,https://secure.getjobber.com/work_orders/82944500
5594,"Michael Satran",85,100,15,2025-01-16,23,"Total Mole Control Program -- Year round protection",upcoming,https://secure.getjobber.com/work_orders/94521436
6322,"Mark Gagne",85,100,15,2025-01-31,24,"Total Mole Control Package",upcoming,https://secure.getjobber.com/work_orders/106018978
6356,"Jason Wittenberger",85,100,15,2025-02-14,19,"Total Mole Control Package",upcoming,https://secure.getjobber.com/work_orders/107211198
6382,"Jared Haines",85,100,15,2025-02-26,33,"Total Mole Control Package",upcoming,https://secure.getjobber.com/work_orders/107731741
6400,"Dave Mcclung",85,100,15,2025-03-06,20,"Total Mole Control Package",upcoming,https://secure.getjobber.com/work_orders/107993577
6440,"Marta Dickerson",85,100,15,2025-03-11,26,"Total Mole Control Package",upcoming,https://secure.getjobber.com/work_orders/108901752
6454,"Leslie Turner",85,100,15,2025-03-25,24,"Total Mole Control Package",upcoming,https://secure.getjobber.com/work_orders/109326407
5015,"Brian Muirhead",86.25,100,13.75,2024-03-04,36,"Total Mole Control Program -- Year round protection",upcoming,https://secure.getjobber.com/work_orders/85146865
5280,"Tim Flood",86.25,100,13.75,2024-06-18,12,"Total Mole Control Program -- Year round protection",upcoming,https://secure.getjobber.com/work_orders/91271174
5411,"Paul Klansnic",89,100,11,2024-06-26,15,"Total Mole Control Program -- Year round protection",upcoming,https://secure.getjobber.com/work_orders/92725332
5503,"Nichole Avila",89,100,11,2024-07-11,32,"Total Mole Control Program -- Year round protection",upcoming,https://secure.getjobber.com/work_orders/93708253
4608,"Kristi Rice",89.25,100,10.75,2023-09-26,22,"Total Mole Control Program -- Year round protection",upcoming,https://secure.getjobber.com/work_orders/77254535
4644,"Eric Fraumeni",89.25,100,10.75,2023-10-09,16,"Total Mole Control Program -- Year round protection",upcoming,https://secure.getjobber.com/work_orders/78018036
5413,"Ron Houlihan",89.25,100,10.75,2024-06-26,26,"Total Mole Control Program -- Year round protection",upcoming,https://secure.getjobber.com/work_orders/92728160
5432,"Nancy  Price",89.25,100,10.75,2024-06-28,48,"Total Mole Control Package",upcoming,https://secure.getjobber.com/work_orders/92905280
5593,"Steve Smith",89.25,100,10.75,2024-07-24,13,"Total Mole Control Program -- Year round protection",upcoming,https://secure.getjobber.com/work_orders/94520733
4953,"Steve Herbst",89.25,100,10.75,2025-01-15,19,"Total Mole Control Program -- Year round protection",upcoming,https://secure.getjobber.com/work_orders/84197722
4749,"Thomas  Varrelman",90,100,10,2023-11-30,24,"Total Mole Control Program -- Year round protection",upcoming,https://secure.getjobber.com/work_orders/80796247
4902,"Jane Moore",90,100,10,2024-02-01,20,"Total Mole Control Program -- Year round protection",upcoming,https://secure.getjobber.com/work_orders/83525475
4905,"Ashley Clark",90,100,10,2024-02-07,17,"Total Mole Control Program -- Year round protection",upcoming,https://secure.getjobber.com/work_orders/83568423
5109,"Joe Crecca",90,100,10,2024-04-05,19,"Total Mole Control Program -- Year round protection",upcoming,https://secure.getjobber.com/work_orders/87162206
5138,"Shelley Bensussen",90,100,10,2024-04-24,20,"Total Mole Control Program -- Year round protection",upcoming,https://secure.getjobber.com/work_orders/88143783
5139,"Aly Mendez",90,100,10,2024-04-24,29,"Total Mole Control Program -- Year round protection",upcoming,https://secure.getjobber.com/work_orders/88144413
5150,"Scott Taylor",90,100,10,2024-04-25,28,"Total Mole Control Program -- Year round protection",upcoming,https://secure.getjobber.com/work_orders/88508626
5390,"Mike Kaiser",90,100,10,2024-06-24,13,"Total Mole Control Program -- Year round protection",upcoming,https://secure.getjobber.com/work_orders/92510004
5696,"Amber John",90,100,10,2024-08-12,23,"Total Mole Control Program -- Year round protection",upcoming,https://secure.getjobber.com/work_orders/95150406
5940,"Don Severide",90,100,10,2024-09-22,19,"Total Mole Control Program -- Year round protection",upcoming,https://secure.getjobber.com/work_orders/98273489
6028,"BIll Sweatman",90,100,10,2024-10-18,32,"Total Mole Control Program -- Year round protection",upcoming,https://secure.getjobber.com/work_orders/99641927
6198,"Jeff Boyd",90,100,10,2024-12-19,27,"Total Mole Control Program -- Year round protection",upcoming,https://secure.getjobber.com/work_orders/103820025
6339,"John Trian",90,100,10,2025-02-10,13,"Total Mole Control Package",upcoming,https://secure.getjobber.com/work_orders/106589737
5071,"Jim Nelsen",93,100,7,2024-04-18,30,"Total Mole Control Program -- Year round protection",upcoming,https://secure.getjobber.com/work_orders/86252432
4504,"Evan Epstein",95,100,5,2023-09-06,34,"Total Mole Control Program -- Year round protection",upcoming,https://secure.getjobber.com/work_orders/76146785
4581,"Al Nettles",95,100,5,2023-09-21,15,"Total Mole Control Program -- Year round protection",upcoming,https://secure.getjobber.com/work_orders/77005043
4614,"Jennifer Beardall",95,100,5,2023-10-04,33,"Total Mole Control Program -- Year round protection",upcoming,https://secure.getjobber.com/work_orders/77360286
4703,"Joel Glass",95,100,5,2023-11-06,35,"Total Mole Control Program -- Year round protection",upcoming,https://secure.getjobber.com/work_orders/79571287
4701,"Thomas Carpinito",95,100,5,2023-11-16,29,"Total Mole Control Program -- Year round protection",upcoming,https://secure.getjobber.com/work_orders/79495855
4771,"Nancy Krossa",95,100,5,2023-12-12,21,"Total Mole Control Program -- Year round protection",upcoming,https://secure.getjobber.com/work_orders/81300518
4777,"Al Chappell",95,100,5,2023-12-13,17,"Total Mole Control Program -- Year round protection",upcoming,https://secure.getjobber.com/work_orders/81426439
5099,"Buff Nelson",95,100,5,2024-04-03,19,"Total Mole Control Program -- Year round protection",upcoming,https://secure.getjobber.com/work_orders/87004721
5148,"Brant Bengston",95,100,5,2024-04-24,28,"Total Mole Control Program -- Year round protection",upcoming,https://secure.getjobber.com/work_orders/88506630
5324,"Scott  Moser",95,100,5,2024-06-13,24,"Total Mole Control Program -- Year round protection",upcoming,https://secure.getjobber.com/work_orders/91895986
5667,"Ron Short",95,100,5,2024-08-01,18,"Total Mole Control Program -- Year round protection",upcoming,https://secure.getjobber.com/work_orders/94986356
5751,"Jane Gallagher",95,100,5,2024-08-13,22,"Total Mole Control Program -- Year round protection",upcoming,https://secure.getjobber.com/work_orders/95702217
5947,"Neil Kanungo",95,100,5,2024-09-24,24,"Total Mole Control Program -- Year round protection",upcoming,https://secure.getjobber.com/work_orders/98373849
6064,"Joe  Edmunson",95,100,5,2024-10-29,23,"Total Mole Control Program -- Year round protection",upcoming,https://secure.getjobber.com/work_orders/100285419
6355,"Julie James",95,100,5,2025-02-12,29,"Total Mole Control Package",upcoming,https://secure.getjobber.com/work_orders/107136186
6392,"Dan Hazen",95,100,5,2025-02-25,24,"Total Mole Control Package",upcoming,https://secure.getjobber.com/work_orders/107906201
6396,"Deborah Canon",95,100,5,2025-02-26,21,"Total Mole Control Package",upcoming,https://secure.getjobber.com/work_orders/107908960
5227,"Jana Wilson",97.75,100,2.25,2024-05-23,27,"Total Mole Control Program -- Year round protection",upcoming,https://secure.getjobber.com/work_orders/90518385